코드,평수,전용면적(㎡),층,건축년도,predicted,predicted price
1130510300,14,46.04,2,2008,"   deposit        building          road           dong
0  11000.0      대원씨티빌라트11차    삼각산로34길 56  서울특별시 강북구 수유동
1  15000.0           대성아트빌  삼양로87가길 12-5  서울특별시 강북구 수유동
2  16000.0  화인하우스(130-143)    노해로9길 60-4  서울특별시 강북구 수유동
3  12000.0   세명그린빌(134-68)      수유로17길 3  서울특별시 강북구 수유동
4  17800.0             행루즈     도봉로97길 22  서울특별시 강북구 수유동",12530
1130510300,21,71.04,2,2003,"   deposit         building          road           dong
0  15000.0             윤진빌라  한천로166길 5-19  서울특별시 강북구 수유동
1  19200.0           은행빌라A동   수유로21길 3-10  서울특별시 강북구 수유동
2  22200.0           은행빌라A동   수유로21길 3-10  서울특별시 강북구 수유동
3  15000.0  성지그레이스빌(288-10)  삼양로123길 14-7  서울특별시 강북구 수유동
4  18000.0             삼우맨숀    삼각산로28길 26  서울특별시 강북구 수유동",17110
1130510100,7,22.65,5,2015,"   deposit       building         road           dong
0  18000.0          문이빌라트   삼양로68가길 11  서울특별시 강북구 미아동
1  17500.0  블루빌(791-1227)  삼양로63가길 7-9  서울특별시 강북구 미아동
2  17000.0         경모하늘풍경    솔매로22길 51  서울특별시 강북구 미아동
3  17000.0         경모하늘풍경    솔매로22길 51  서울특별시 강북구 미아동
4  23000.0        경일리치빌3차    솔샘로65길 57  서울특별시 강북구 미아동",17230
1130510100,18,60.21,3,2010,"   deposit       building          road           dong
0  16500.0          성우빌리지  도봉로29길 83-34  서울특별시 강북구 미아동
1  13000.0          모던하우스     솔매로22길 24  서울특별시 강북구 미아동
2  15000.0           천수빌라     삼양로 273-9  서울특별시 강북구 미아동
3  18000.0          은혜빌리지     삼양로69길 27  서울특별시 강북구 미아동
4  24000.0  삼성에코빌(762-40)    솔매로28길 7-6  서울특별시 강북구 미아동",17178
1130510300,18,58.1,3,1983,"   deposit   building           road           dong
0   9500.0       청화빌라  4.19로23길 24-9  서울특별시 강북구 수유동
1  12000.0    수유하이츠빌라  삼양로111길 18-10  서울특별시 강북구 수유동
2  12000.0       동산연립    4.19로27길 26  서울특별시 강북구 수유동
3  13000.0  (486-521)     인수봉로27길 10  서울특별시 강북구 수유동
4  15000.0    (477-0)   삼양로79길 27-14  서울특별시 강북구 수유동",11335.66667
1130510300,8,26.73,4,2018,"   deposit       building          road           dong
0  17500.0         참하우스토리    인수봉로61길 18  서울특별시 강북구 수유동
1  21200.0   예움하우스(24-13)    노해로9길 42-5  서울특별시 강북구 수유동
2  15000.0  정원팰리스(296-21)  인수봉로72길 27-1  서울특별시 강북구 수유동
3  19000.0  로민하우스(442-14)    인수봉로52길 50  서울특별시 강북구 수유동
4  22000.0           루미에르    한천로172가길 1  서울특별시 강북구 수유동",18077
1130510300,18,58,2,1996,"   deposit    building            road           dong
0  15300.0       궁전빌리지  인수봉로72가길 15-21  서울특별시 강북구 수유동
1  15000.0      성보빌라6차    삼양로88가길 12-3  서울특별시 강북구 수유동
2  15000.0  유림빌라(1-81)        수유로21길 7  서울특별시 강북구 수유동
3  14000.0      성우그린맨션    삼양로131길 5-20  서울특별시 강북구 수유동
4   9000.0   (270-114)     노해로23길 80-5  서울특별시 강북구 수유동",14925.5
1130510300,6,18.59,5,2008,"   deposit   building          road           dong
0   4500.0        다우빌  인수봉로30길 32-9  서울특별시 강북구 수유동
1   9000.0    라온드림하우스  삼양로92길 29-16  서울특별시 강북구 수유동
2   5700.0     필하우스4차   인수봉로52가길 16  서울특별시 강북구 수유동
3   4000.0  우림고시(로즈)텔     노해로35길 97  서울특별시 강북구 수유동
4   7000.0      코지하우스    한천로 1053-6  서울특별시 강북구 수유동",6484
1130510300,11,35.35,9,2016,"   deposit building        road           dong
0  20000.0    연승카운티   수유로12길 41  서울특별시 강북구 수유동
1  20000.0    연승카운티   수유로12길 41  서울특별시 강북구 수유동
2  17000.0    진영토담빌  한천로140길 84  서울특별시 강북구 수유동
3  17000.0    진영토담빌  한천로140길 84  서울특별시 강북구 수유동
4  17000.0    진영토담빌  한천로140길 84  서울특별시 강북구 수유동",19990
1130510400,12,39.46,1,1998,"   deposit     building           road           dong
0  14000.0         성환빌라     삼양로159길 27  서울특별시 강북구 우이동
1  14000.0         성환빌라     삼양로159길 27  서울특별시 강북구 우이동
2   8000.0         충무빌라  삼양로155길 15-14  서울특별시 강북구 우이동
3    500.0  한진빌라(40-8)       삼양로 640-6  서울특별시 강북구 우이동
4  12000.0         성보주택   삼양로159가길 8-5  서울특별시 강북구 우이동",9603
1130510300,9,29.52,6,2019,"   deposit building          road           dong
0  20000.0    아띠하우스    한천로140길 58  서울특별시 강북구 수유동
1  18300.0  마루스위트30     삼양로 510-5  서울특별시 강북구 수유동
2  22000.0     파크리움  노해로33길 70-10  서울특별시 강북구 수유동
3  22000.0     파크리움  노해로33길 70-10  서울특별시 강북구 수유동
4  22000.0    젤존타운2    한천로160길 47  서울특별시 강북구 수유동",20022
1130510300,9,31.01,2,2017,"   deposit      building        road           dong
0  16000.0          스타캐슬   삼양로87길 11  서울특별시 강북구 수유동
1  19000.0         MS펠리체   삼양로 336-8  서울특별시 강북구 수유동
2  22800.0       르레브힐스B동   노해로27길 32  서울특별시 강북구 수유동
3  22800.0       르레브힐스B동   노해로27길 32  서울특별시 강북구 수유동
4  16300.0  예움하우스(24-13)  노해로9길 42-5  서울특별시 강북구 수유동",19995
1130510300,16,51.65,4,2011,"   deposit      building          road           dong
0  17500.0          한우림빌    삼양로111가길 5  서울특별시 강북구 수유동
1  17500.0  은진하이빌(306-3)  삼양로117길 49-4  서울특별시 강북구 수유동
2   3573.0  정빈하이빌(706-2)   노해로33길 88-9  서울특별시 강북구 수유동
3  18500.0     중앙하이츠(B동)  인수봉로84길 40-5  서울특별시 강북구 수유동
4  17000.0         선덕그랑빌    인수봉로55길 31  서울특별시 강북구 수유동",17170.73
1130510300,10,34.175,4,2018,"   deposit         building           road           dong
0  15000.0             신성캐슬      노해로33길 21  서울특별시 강북구 수유동
1  25000.0  하나아이파크빌(281-45)     4.19로1길 28  서울특별시 강북구 수유동
2  19500.0            기산에코빌  인수봉로55길 15-24  서울특별시 강북구 수유동
3   7500.0           그린힐빌리지      노해로33길 54  서울특별시 강북구 수유동
4  22000.0             루미에르     한천로172가길 1  서울특별시 강북구 수유동",19683
1130510100,13,43.01,1,1996,"   deposit   building           road           dong
0  11000.0     한림그린빌라    솔샘로59길 15-4  서울특별시 강북구 미아동
1  11000.0       송천빌라   솔샘로64나길 52-3  서울특별시 강북구 미아동
2   9000.0  (636-108)       숭인로7길 45  서울특별시 강북구 미아동
3  10000.0       스타맨숀      도봉로18길 48  서울특별시 강북구 미아동
4  10000.0        연빌라  솔샘로64나길 32-11  서울특별시 강북구 미아동",11392
1130510100,17,54.92,2,2015,"   deposit   building           road           dong
0  20000.0      금강에뜨레    삼양로63길 13-4  서울특별시 강북구 미아동
1  19000.0  (734-145)    삼양로38길 21-4  서울특별시 강북구 미아동
2  21000.0      중앙홈타운    인수봉로20나길 56  서울특별시 강북구 미아동
3  32500.0    성훈팰리스B동      도봉로31길 21  서울특별시 강북구 미아동
4  26000.0      히람팰리스  오패산로30길 18-13  서울특별시 강북구 미아동",20226
1130510100,10,33.74,-1,1994,"   deposit        building          road           dong
0   5000.0              삼진    도봉로28나길 16  서울특별시 강북구 미아동
1   6000.0  삼성빌라(1264-211)     삼양로 132-3  서울특별시 강북구 미아동
2   4000.0        (416-71)  솔샘로64나길 38-3  서울특별시 강북구 미아동
3  10000.0           양지빌라트      숭인로7길 15  서울특별시 강북구 미아동
4   4000.0      (1264-208)   삼양로22길 23-1  서울특별시 강북구 미아동",5243
1130510200,9,29.75,3,1994,"   deposit       building           road          dong
0   5800.0  창헌주택(148-261)     오현로25마길 51  서울특별시 강북구 번동
1   4000.0           사방빌라       오현로25길 6  서울특별시 강북구 번동
2   5500.0           창헌주택     오현로25나길 29  서울특별시 강북구 번동
3   7000.0           효성빌라  오현로21길 132-12  서울특별시 강북구 번동
4   6000.0  광신주택(148-277)      오현로25길 91  서울특별시 강북구 번동",6585
1130510100,16,53.31,5,2018,"   deposit        building         road           dong
0  29500.0          유경쉐르빌3  인수봉로20나길 38  서울특별시 강북구 미아동
1  25000.0           자이홈타운     솔매로 78-4  서울특별시 강북구 미아동
2  26600.0            초이스빌    삼양로57가길 6  서울특별시 강북구 미아동
3  15000.0  삼성레드빌A동(719-6)   삼양로38라길 26  서울특별시 강북구 미아동
4  28500.0         남광하이빌A동    도봉로41길 21  서울특별시 강북구 미아동",29796
1130510300,9,29.93,5,2019,"   deposit      building          road           dong
0  20600.0  예움하우스(24-13)    노해로9길 42-5  서울특별시 강북구 수유동
1  24300.0          파크리움  노해로33길 70-10  서울특별시 강북구 수유동
2  24300.0          파크리움  노해로33길 70-10  서울특별시 강북구 수유동
3  18000.0       마루스위트30     삼양로 510-5  서울특별시 강북구 수유동
4  23500.0         가람빌리지    삼양로77가길 22  서울특별시 강북구 수유동",21346
1130510100,8,25.21,2,2013,"   deposit       building         road           dong
0  15000.0          금강에뜨레  삼양로63길 13-4  서울특별시 강북구 미아동
1  15000.0  블루빌(791-1227)  삼양로63가길 7-9  서울특별시 강북구 미아동
2  15000.0  블루빌(791-1227)  삼양로63가길 7-9  서울특별시 강북구 미아동
3  16000.0  블루빌(791-1227)  삼양로63가길 7-9  서울특별시 강북구 미아동
4  26000.0          한스애비뉴  도봉로39길 51-6  서울특별시 강북구 미아동",10665
1130510200,13,43.9,3,2012,"   deposit building           road          dong
0  13000.0      다솔빌    한천로124나길 36  서울특별시 강북구 번동
1  13000.0       세명     한천로 926-10  서울특별시 강북구 번동
2  11000.0  디에이치씨앤빌     한천로132길 79  서울특별시 강북구 번동
3  27500.0      라움빌      도봉로98길 28  서울특별시 강북구 번동
4  17000.0    드림하이빌  한천로124나길 60-8  서울특별시 강북구 번동",13956
1130510100,8,24.96,4,2012,"   deposit    building         road           dong
0  15000.0       금강에뜨레  삼양로63길 13-4  서울특별시 강북구 미아동
1   8000.0  (791-2798)  솔매로22길 42-1  서울특별시 강북구 미아동
2  20000.0       문이빌라트   삼양로68가길 11  서울특별시 강북구 미아동
3  17000.0     진성힐스테이트  솔샘로47나길 6-8  서울특별시 강북구 미아동
4   7000.0       로뎀빌리지    도봉로31길 11  서울특별시 강북구 미아동",9595
1130510100,21,68.8,1,2006,"   deposit          building         road           dong
0  18000.0             은혜빌리지    삼양로69길 27  서울특별시 강북구 미아동
1  12000.0  삼각산빌리지(791-1560)    솔매로10길 15  서울특별시 강북구 미아동
2  18000.0            오봉빌라7차  삼양로68길 25-3  서울특별시 강북구 미아동
3  18000.0            오봉빌라7차  삼양로68길 25-3  서울특별시 강북구 미아동
4   3500.0             삼성쉐르빌     솔매로 21-1  서울특별시 강북구 미아동",14640
1130510100,21,68.67,1,2003,"   deposit building          road           dong
0  18000.0   오봉빌라7차   삼양로68길 25-3  서울특별시 강북구 미아동
1  18000.0   오봉빌라7차   삼양로68길 25-3  서울특별시 강북구 미아동
2  16000.0       청암  도봉로45길 84-16  서울특별시 강북구 미아동
3  18000.0    청운그린빌      오현로10길 4  서울특별시 강북구 미아동
4  18000.0    은혜빌리지     삼양로69길 27  서울특별시 강북구 미아동",16971
1130510300,9,29.685,5,2013,"   deposit  building           road           dong
0  13000.0     수유그린빌       노해로7길 51  서울특별시 강북구 수유동
1  17500.0     진영토담빌     한천로140길 84  서울특별시 강북구 수유동
2   7500.0  (563-37)  4.19로11길 8-10  서울특별시 강북구 수유동
3  14500.0   하나아이파크빌   인수봉로55길 21-8  서울특별시 강북구 수유동
4  17000.0   하나아이파크빌  인수봉로55길 21-14  서울특별시 강북구 수유동",11719
1130510300,15,48.42,3,2013,"   deposit building           road           dong
0  13000.0    성원하이츠     인수봉로55가길 7  서울특별시 강북구 수유동
1  17600.0      행루즈      도봉로97길 22  서울특별시 강북구 수유동
2  16800.0      행루즈      도봉로97길 22  서울특별시 강북구 수유동
3  18100.0    청호캐스빌      노해로27길 53  서울특별시 강북구 수유동
4  15500.0     민정빌라  삼양로123길 46-21  서울특별시 강북구 수유동",14853.26333
1130510100,16,53.95,2,2016,"   deposit   building           road           dong
0  20000.0      금강에뜨레    삼양로63길 13-4  서울특별시 강북구 미아동
1  21000.0      중앙홈타운    인수봉로20나길 56  서울특별시 강북구 미아동
2  19000.0  (734-145)    삼양로38길 21-4  서울특별시 강북구 미아동
3  32500.0    성훈팰리스B동      도봉로31길 21  서울특별시 강북구 미아동
4  26000.0      히람팰리스  오패산로30길 18-13  서울특별시 강북구 미아동",20776
1130510300,11,34.83,5,2017,"   deposit   building           road           dong
0  17700.0      노블레스2   노해로32길 13-12  서울특별시 강북구 수유동
1  20800.0      청담하이빌   인수봉로82길 13-5  서울특별시 강북구 수유동
2  17000.0  (252-223)      노해로26길 17  서울특별시 강북구 수유동
3  21200.0      양지쉐르빌     인수봉로55길 41  서울특별시 강북구 수유동
4  17500.0      힐링하우스  인수봉로55길 27-12  서울특별시 강북구 수유동",18726
1130510300,13,42.8,2,1996,"   deposit          building         road           dong
0  13000.0          (189-25)  한천로139가길 54  서울특별시 강북구 수유동
1   8000.0  광진하이츠빌라(252-102)     노해로27길 7  서울특별시 강북구 수유동
2  11000.0         성신주택(9-5)     노해로9길 15  서울특별시 강북구 수유동
3  11500.0          신건영빌리지7동   삼양로130길 17  서울특별시 강북구 수유동
4  12500.0              초원빌라     인수봉로 108  서울특별시 강북구 수유동",11503
1130510300,9,29.87,3,2016,"   deposit      building         road           dong
0  16500.0         동화씨티빌    도봉로97길 34  서울특별시 강북구 수유동
1  14000.0         그랜드캐슬    인수봉로51길 4  서울특별시 강북구 수유동
2  21900.0  동아쉐르빌(480-3)  삼양로77길 36-8  서울특별시 강북구 수유동
3  10500.0        마루솔하이빌   인수봉로84길 37  서울특별시 강북구 수유동
4  18000.0        참하우스토리   인수봉로61길 18  서울특별시 강북구 수유동",16113
1130510300,9,28.16,4,1993,"   deposit      building           road           dong
0  12000.0  우성빌라(252-46)      노해로27길 37  서울특별시 강북구 수유동
1   9000.0   그린하이츠빌라5차A동  삼양로111길 18-24  서울특별시 강북구 수유동
2  12000.0          승한주택    한천로140가길 29  서울특별시 강북구 수유동
3   7000.0         들장미빌라     인수봉로28길 29  서울특별시 강북구 수유동
4   6000.0          천협빌라    인수봉로58길 9-7  서울특별시 강북구 수유동",7786
1130510300,9,29.74,4,2008,"   deposit        building           road           dong
0   8000.0         라온드림하우스   삼양로92길 29-16  서울특별시 강북구 수유동
1  10500.0             미성빌   인수봉로68길 15-8  서울특별시 강북구 수유동
2  10000.0  명진하이빌(469-271)     덕릉로8길 30-7  서울특별시 강북구 수유동
3  12000.0   풀내음파크빌(558-4)     인수봉로 299-2  서울특별시 강북구 수유동
4   8000.0           재원빌라트  인수봉로30길 32-15  서울특별시 강북구 수유동",9313
1130510100,8,27.66,4,2011,"   deposit    building         road           dong
0   8000.0  (791-2798)  솔매로22길 42-1  서울특별시 강북구 미아동
1  15000.0       금강에뜨레  삼양로63길 13-4  서울특별시 강북구 미아동
2  20000.0       문이빌라트   삼양로68가길 11  서울특별시 강북구 미아동
3  10000.0       모던하우스    솔매로22길 24  서울특별시 강북구 미아동
4  11000.0        전망빌라   인수봉로14길 25  서울특별시 강북구 미아동",9875
1130510300,9,29.22,3,2019,"   deposit       building         road           dong
0  21300.0     글로리아캐슬(A동)     덕릉로7길 15  서울특별시 강북구 수유동
1  16000.0            수정빌    노해로23길 32  서울특별시 강북구 수유동
2  19000.0  로민하우스(442-14)   인수봉로52길 50  서울특별시 강북구 수유동
3  21900.0   동아쉐르빌(480-3)  삼양로77길 36-8  서울특별시 강북구 수유동
4  18000.0         참하우스토리   인수봉로61길 18  서울특별시 강북구 수유동",20604
1130510100,25,83.67,1,1987,"   deposit       building      road           dong
0  12000.0             일심  솔매로17길 6  서울특별시 강북구 미아동
1  12000.0             일심  솔매로17길 6  서울특별시 강북구 미아동
2  25000.0  현대빌라(258-554)  오패산로 257  서울특별시 강북구 미아동
3  15000.0         대성그린빌라  오패산로 260  서울특별시 강북구 미아동
4   7000.0         대성그린빌라  오패산로 260  서울특별시 강북구 미아동",14319.5
1130510100,15,49.71,5,2008,"   deposit    building          road           dong
0  15000.0  성일하이츠빌(7차)     삼양로74길 46  서울특별시 강북구 미아동
1  15000.0  성일하이츠빌(7차)     삼양로74길 46  서울특별시 강북구 미아동
2  20000.0       이화아트빌     도봉로41길 57  서울특별시 강북구 미아동
3  12000.0       대성휴먼빌     인수봉로6가길 5  서울특별시 강북구 미아동
4  10000.0       남영아트빌  솔샘로64나길 52-4  서울특별시 강북구 미아동",14533
1130510400,10,32.66,2,1993,"   deposit      building           road           dong
0   8000.0          충무빌라  삼양로155길 15-14  서울특별시 강북구 우이동
1    500.0   한진빌라(40-8)       삼양로 640-6  서울특별시 강북구 우이동
2   8000.0          성보주택   삼양로159가길 8-5  서울특별시 강북구 우이동
3   8500.0  일영하이츠빌라(6-6)     삼양로170길 16  서울특별시 강북구 우이동
4  14000.0          성환빌라     삼양로159길 27  서울특별시 강북구 우이동",5810
1130510300,14,45.08,4,2013,"   deposit      building          road           dong
0  14000.0         성원하이츠    인수봉로55가길 7  서울특별시 강북구 수유동
1  17000.0         선덕그랑빌    인수봉로55길 31  서울특별시 강북구 수유동
2  19000.0  그랜드캐슬(567-1)      4.19로 39  서울특별시 강북구 수유동
3  18000.0          엘리제빌   노해로13길 33-6  서울특별시 강북구 수유동
4  18500.0     중앙하이츠(B동)  인수봉로84길 40-5  서울특별시 강북구 수유동",15280
1130510100,5,15.49,1,2013,"   deposit       building         road           dong
0   2000.0           송산주택   오패산로31길 16  서울특별시 강북구 미아동
1  15000.0  블루빌(791-1227)  삼양로63가길 7-9  서울특별시 강북구 미아동
2  15000.0  블루빌(791-1227)  삼양로63가길 7-9  서울특별시 강북구 미아동
3  15000.0          금강에뜨레  삼양로63길 13-4  서울특별시 강북구 미아동
4  21000.0        경일리치빌3차    솔샘로65길 57  서울특별시 강북구 미아동",9090
1130510300,18,60.24,4,2009,"   deposit        building           road           dong
0  16000.0           우림스타빌  한천로162길 25-12  서울특별시 강북구 수유동
1  10000.0        삼호파크빌11차     인수봉로61길 26  서울특별시 강북구 수유동
2  16000.0  화인하우스(130-143)     노해로9길 60-4  서울특별시 강북구 수유동
3  17000.0     상록수(469-38)       덕릉로8길 17  서울특별시 강북구 수유동
4   3573.0    정빈하이빌(706-2)    노해로33길 88-9  서울특별시 강북구 수유동",15885
1130510300,26,84.94,1,2008,"   deposit building          road           dong
0  23000.0    SH스카이    인수봉로23가길 3  서울특별시 강북구 수유동
1  15000.0     윤진빌라  한천로166길 5-19  서울특별시 강북구 수유동
2  16000.0      한터빌     노해로 123-5  서울특별시 강북구 수유동
3  19200.0   은행빌라A동   수유로21길 3-10  서울특별시 강북구 수유동
4  22200.0   은행빌라A동   수유로21길 3-10  서울특별시 강북구 수유동",16408
1130510300,18,59.45,3,2002,"   deposit         building        road           dong
0  22500.0  동일하이츠빌라(166-74)  한천로150길 72  서울특별시 강북구 수유동
1  18500.0             삼우맨숀  삼각산로28길 26  서울특별시 강북구 수유동
2  14500.0         황실파크빌(B)  삼양로139길 32  서울특별시 강북구 수유동
3  19000.0     현대그랑빌(32-39)   노해로15길 42  서울특별시 강북구 수유동
4  13000.0           대운아트빌라  삼양로117길 32  서울특별시 강북구 수유동",17608
1130510100,13,43.85,3,1997,"   deposit   building          road           dong
0   7000.0       다운빌라     인수봉로6길 21  서울특별시 강북구 미아동
1  12000.0      청기와빌라      도봉로59길 8  서울특별시 강북구 미아동
2   8500.0  (439-185)     삼양로20나길 5  서울특별시 강북구 미아동
3  11000.0      남영아트빌  솔샘로64나길 52-4  서울특별시 강북구 미아동
4  16000.0    대원아트빌2차    삼양로38라길 11  서울특별시 강북구 미아동",10040
1130510300,9,29.45,2,2014,"   deposit  building           road           dong
0  12000.0      메종루체  삼양로131길 23-14  서울특별시 강북구 수유동
1  15500.0  모던하우스 II  삼양로131길 23-20  서울특별시 강북구 수유동
2  19000.0     MS펠리체      삼양로 336-8  서울특별시 강북구 수유동
3  16000.0      스타캐슬      삼양로87길 11  서울특별시 강북구 수유동
4  13500.0    정은스위트빌       노해로9길 63  서울특별시 강북구 수유동",11912
1130510100,14,47.12,4,2008,"   deposit    building         road           dong
0  12000.0       대성휴먼빌    인수봉로6가길 5  서울특별시 강북구 미아동
1  20000.0       이화아트빌    도봉로41길 57  서울특별시 강북구 미아동
2  14500.0       신화리치빌  솔샘로59길 15-6  서울특별시 강북구 미아동
3  15000.0  (791-2741)  인수봉로6길 16-3  서울특별시 강북구 미아동
4  20000.0      정원드림타운    도봉로41길 39  서울특별시 강북구 미아동",11540
1130510100,16,52.58,3,1995,"   deposit      building           road           dong
0   8500.0          대영맨션  인수봉로20가길 13-5  서울특별시 강북구 미아동
1  13000.0  현대빌라(436-72)  삼양로20나길 40-26  서울특별시 강북구 미아동
2   7000.0          다운빌라      인수봉로6길 21  서울특별시 강북구 미아동
3  13000.0      양정빌라(6동)        인수봉로 40  서울특별시 강북구 미아동
4   8500.0     (439-185)      삼양로20나길 5  서울특별시 강북구 미아동",11699
1130510100,13,42.98,3,2018,"   deposit        building        road           dong
0  22500.0  삼성레드빌A동(719-6)  삼양로38라길 26  서울특별시 강북구 미아동
1  23000.0    금강에뜨레2단지202동   도봉로47길 56  서울특별시 강북구 미아동
2  21000.0  삼성레드빌A동(719-6)  삼양로38라길 26  서울특별시 강북구 미아동
3  21000.0             한양빌   삼양로 226-3  서울특별시 강북구 미아동
4  22000.0    정원드림빌(329-8)   도봉로21길 28  서울특별시 강북구 미아동",26364
1130510100,21,70.38,5,2003,"   deposit building         road           dong
0  20000.0    토토하우스    인수봉로8길 10  서울특별시 강북구 미아동
1  18000.0   미도그랜드힐  인수봉로20나길 52  서울특별시 강북구 미아동
2  16500.0    홍익그린빌    인수봉로12길 1  서울특별시 강북구 미아동
3  16000.0     대선빌딩    삼양로19길 59  서울특별시 강북구 미아동
4  18000.0     소망맨션  솔샘로53길 4-16  서울특별시 강북구 미아동",16645
1130510300,22,72.48,2,2002,"   deposit         building          road           dong
0  15000.0             윤진빌라  한천로166길 5-19  서울특별시 강북구 수유동
1  22200.0           은행빌라A동   수유로21길 3-10  서울특별시 강북구 수유동
2  19200.0           은행빌라A동   수유로21길 3-10  서울특별시 강북구 수유동
3  15000.0  성지그레이스빌(288-10)  삼양로123길 14-7  서울특별시 강북구 수유동
4  19000.0        삼성화이트빌라9차  인수봉로55길 40-2  서울특별시 강북구 수유동",17188
1130510300,11,36.36,3,1990,"   deposit         building         road           dong
0   7500.0     백운빌라(532-97)   인수봉로79다길 6  서울특별시 강북구 수유동
1   7500.0             서울빌라   인수봉로61길 46  서울특별시 강북구 수유동
2   8500.0    청화아트빌라(536-1)  4.19로13길 38  서울특별시 강북구 수유동
3   9000.0         우광타운(12)    인수봉로29길 6  서울특별시 강북구 수유동
4   8500.0  한영하이츠빌라(359-37)   삼양로111길 63  서울특별시 강북구 수유동",8014
1130510300,13,44.51,3,2013,"   deposit     building           road           dong
0  15500.0         민정빌라  삼양로123길 46-21  서울특별시 강북구 수유동
1  13000.0          푸른솔     삼양로139길 40  서울특별시 강북구 수유동
2  17500.0  세명(291-233)  삼양로123길 40-32  서울특별시 강북구 수유동
3  18100.0        청호캐스빌      노해로27길 53  서울특별시 강북구 수유동
4  16000.0  대광맨션(1-126)    노해로7가길 24-4  서울특별시 강북구 수유동",14661
1130510300,11,37.715,3,2013,"   deposit building         road           dong
0  15000.0     르미에르  인수봉로72가길 10  서울특별시 강북구 수유동
1  13500.0   정은스위트빌     노해로9길 63  서울특별시 강북구 수유동
2  14500.0      행루즈    도봉로97길 22  서울특별시 강북구 수유동
3  18000.0    신우팰리스     노해로9길 10  서울특별시 강북구 수유동
4  18000.0  에스에스클래스  한천로170길 9-5  서울특별시 강북구 수유동",14475
1130510300,4,12.42,4,2010,"   deposit    building           road           dong
0   7000.0       코지하우스     한천로 1053-6  서울특별시 강북구 수유동
1  13000.0  태영빌(355-1)  삼양로111길 43-10  서울특별시 강북구 수유동
2   8000.0       재원빌라트  인수봉로30길 32-15  서울특별시 강북구 수유동
3   7500.0     라온드림하우스   삼양로92길 29-16  서울특별시 강북구 수유동
4   7000.0       코지하우스     한천로 1053-6  서울특별시 강북구 수유동",7005
1130510100,19,63.57,1,2002,"   deposit building          road           dong
0  20000.0     소망맨션   솔샘로53길 4-16  서울특별시 강북구 미아동
1  16000.0       청암  도봉로45길 84-16  서울특별시 강북구 미아동
2  18000.0   오봉빌라7차   삼양로68길 25-3  서울특별시 강북구 미아동
3  18000.0   오봉빌라7차   삼양로68길 25-3  서울특별시 강북구 미아동
4  18000.0    청운그린빌      오현로10길 4  서울특별시 강북구 미아동",14281
1130510300,20,64.77,5,2003,"   deposit         building        road           dong
0  16000.0    송암빌라(605-134)   수유로13길 16  서울특별시 강북구 수유동
1  15000.0        삼호그랑빌(가동)     삼각산로 92  서울특별시 강북구 수유동
2  17000.0          경모빌라트9차  한천로166길 11  서울특별시 강북구 수유동
3  12000.0  신성에어빌B동(301-65)  인수봉로72길 49  서울특별시 강북구 수유동
4  18000.0          한샘넥스빌7차   수유로12길 15  서울특별시 강북구 수유동",16443
1130510100,9,31.18,-1,1998,"   deposit        building          road           dong
0   6000.0  삼성빌라(1264-211)     삼양로 132-3  서울특별시 강북구 미아동
1   4000.0        (416-71)  솔샘로64나길 38-3  서울특별시 강북구 미아동
2  10000.0           양지빌라트      숭인로7길 15  서울특별시 강북구 미아동
3   5000.0              삼진    도봉로28나길 16  서울특별시 강북구 미아동
4   4000.0      (1264-208)   삼양로22길 23-1  서울특별시 강북구 미아동",8656
1130510300,18,59,5,2001,"   deposit         building         road           dong
0  12000.0  신성에어빌B동(301-65)   인수봉로72길 49  서울특별시 강북구 수유동
1  16000.0    송암빌라(605-134)    수유로13길 16  서울특별시 강북구 수유동
2  15000.0        삼호그랑빌(가동)      삼각산로 92  서울특별시 강북구 수유동
3  15000.0            한양하이츠   삼양로73가길 34  서울특별시 강북구 수유동
4  21000.0               두온  도봉로81길 42-8  서울특별시 강북구 수유동",15108
1130510100,17,55.95,1,2002,"   deposit         building          road           dong
0  16000.0            대도골드빌   삼양로16길 36-4  서울특별시 강북구 미아동
1  20000.0             소망맨션   솔샘로53길 4-16  서울특별시 강북구 미아동
2  13000.0  세명그린빌(791-1689)    솔매로22가길 37  서울특별시 강북구 미아동
3   6000.0           미도하이캐슬     솔매로17길 34  서울특별시 강북구 미아동
4  12000.0             중앙맨션  삼양로38라길 11-5  서울특별시 강북구 미아동",15080
1130510300,14,46.86,2,2016,"   deposit      building           road           dong
0  22000.0       센트빌102동  도봉로101길 39-15  서울특별시 강북구 수유동
1  27500.0          아코레빌     삼양로111길 43  서울특별시 강북구 수유동
2  27500.0          아코레빌     삼양로111길 43  서울특별시 강북구 수유동
3  19000.0  그랜드캐슬(567-1)       4.19로 39  서울특별시 강북구 수유동
4  28700.0         유화빌A동     한천로160길 34  서울특별시 강북구 수유동",22169
1130510100,18,59.78,2,2002,"   deposit    building          road           dong
0  13000.0      서보빌라3차    인수봉로17길 14  서울특별시 강북구 미아동
1  15000.0     양정빌라트9차     인수봉로8길 31  서울특별시 강북구 미아동
2  20000.0       예전드림빌  솔샘로60가길 28-9  서울특별시 강북구 미아동
3  12000.0  (791-1799)   인수봉로17길 6-3  서울특별시 강북구 미아동
4  20000.0      백운빌라2차  솔샘로64다길 36-4  서울특별시 강북구 미아동",12763
1130510300,15,50.86,2,2001,"   deposit building          road           dong
0  16500.0    한솔쉐르빌  도봉로81길 42-10  서울특별시 강북구 수유동
1  18900.0     진주맨션  한천로140길 5-28  서울특별시 강북구 수유동
2  16000.0     청암빌라    삼양로116길 25  서울특별시 강북구 수유동
3  12500.0     초원빌라      인수봉로 108  서울특별시 강북구 수유동
4  14000.0     대양주택  삼양로87길 33-12  서울특별시 강북구 수유동",14926
1130510200,10,33.64,4,1993,"   deposit       building           road          dong
0   5500.0           창헌주택     오현로25나길 29  서울특별시 강북구 번동
1   4000.0           사방빌라       오현로25길 6  서울특별시 강북구 번동
2   5800.0  창헌주택(148-261)     오현로25마길 51  서울특별시 강북구 번동
3  10000.0         이형그린빌라      덕릉로42길 36  서울특별시 강북구 번동
4   7000.0           효성빌라  오현로21길 132-12  서울특별시 강북구 번동",6779.75
1130510300,13,41.44,5,2002,"   deposit      building           road           dong
0  12000.0         삼성디오빌      삼양로130길 8  서울특별시 강북구 수유동
1  12000.0     금정파크빌(다동)      덕릉로19길 19  서울특별시 강북구 수유동
2  11000.0     우창빌리지(나동)   삼각산로24길 27-6  서울특별시 강북구 수유동
3  10800.0         그린아트빌  인수봉로72길 15-11  서울특별시 강북구 수유동
4  11000.0  현대그랑빌(526-3)   인수봉로68길 15-3  서울특별시 강북구 수유동",11616
1130510100,9,29.05,1,1994,"   deposit        building           road           dong
0   9000.0            승진빌라  도봉로13나길 21-11  서울특별시 강북구 미아동
1   6700.0  태양빌라(791-1610)       솔매로 34-7  서울특별시 강북구 미아동
2   5800.0            성일빌라    인수봉로6길 68-8  서울특별시 강북구 미아동
3  10000.0            스타맨숀      도봉로18길 48  서울특별시 강북구 미아동
4   5500.0  삼성빌라(1264-211)      삼양로 132-3  서울특별시 강북구 미아동",6434
1130510100,11,35.67,2,1993,"   deposit    building         road           dong
0   9000.0   (403-160)    삼양로24가길 8  서울특별시 강북구 미아동
1   7000.0        신아빌라     오현로9길 19  서울특별시 강북구 미아동
2   6000.0  (1264-178)  삼양로22길 35-2  서울특별시 강북구 미아동
3  12000.0        스타맨숀    도봉로18길 48  서울특별시 강북구 미아동
4   7000.0   (636-107)     숭인로7길 47  서울특별시 강북구 미아동",8281
1130510100,9,28.24,2,2018,"   deposit       building         road           dong
0  15000.0  블루빌(791-1227)  삼양로63가길 7-9  서울특별시 강북구 미아동
1  15000.0  블루빌(791-1227)  삼양로63가길 7-9  서울특별시 강북구 미아동
2  15500.0         경모하늘풍경    솔매로22길 51  서울특별시 강북구 미아동
3  16000.0  블루빌(791-1227)  삼양로63가길 7-9  서울특별시 강북구 미아동
4  20000.0          한스애비뉴  도봉로39길 51-6  서울특별시 강북구 미아동",17744
1130510100,17,55.38,4,2011,"   deposit     building         road           dong
0  15000.0   (791-2741)  인수봉로6길 16-3  서울특별시 강북구 미아동
1  20000.0        이화아트빌    도봉로41길 57  서울특별시 강북구 미아동
2  13000.0         천수빌라    삼양로 273-9  서울특별시 강북구 미아동
3  20000.0       정원드림타운    도봉로41길 39  서울특별시 강북구 미아동
4  20500.0  대도벤츠하우스(A동)    삼양로 273-5  서울특별시 강북구 미아동",16587.92
1130510100,5,15.885,5,2015,"   deposit       building         road           dong
0  18000.0          문이빌라트   삼양로68가길 11  서울특별시 강북구 미아동
1  12000.0         노블리안시티    솔샘로65길 88  서울특별시 강북구 미아동
2  17000.0         경모하늘풍경    솔매로22길 51  서울특별시 강북구 미아동
3  17000.0         경모하늘풍경    솔매로22길 51  서울특별시 강북구 미아동
4  17500.0  블루빌(791-1227)  삼양로63가길 7-9  서울특별시 강북구 미아동",13137
1130510100,18,59.04,2,1987,"   deposit  building          road           dong
0  17000.0    대성그린빌라      오패산로 260  서울특별시 강북구 미아동
1  15000.0    대성그린빌라      오패산로 260  서울특별시 강북구 미아동
2  15000.0    대성그린빌라      오패산로 260  서울특별시 강북구 미아동
3  12000.0   (420-2)  솔샘로64나길 24-9  서울특별시 강북구 미아동
4  10000.0  (457-21)    솔샘로64나길 10  서울특별시 강북구 미아동",13978.69048
1130510300,17,55.42,3,1997,"   deposit         building        road           dong
0  12500.0             금강맨션  인수봉로28길 39  서울특별시 강북구 수유동
1  14000.0     정원맨션(252-96)   노해로27길 20  서울특별시 강북구 수유동
2  22500.0  동일하이츠빌라(166-74)  한천로150길 72  서울특별시 강북구 수유동
3  18500.0             삼우맨숀  삼각산로28길 26  서울특별시 강북구 수유동
4  13000.0           대운아트빌라  삼양로117길 32  서울특별시 강북구 수유동",12559.5
1130510300,8,26.73,2,2018,"   deposit      building          road           dong
0  21000.0          파크리움  노해로33길 70-10  서울특별시 강북구 수유동
1  22800.0       르레브힐스B동     노해로27길 32  서울특별시 강북구 수유동
2  22800.0       르레브힐스B동     노해로27길 32  서울특별시 강북구 수유동
3  16300.0  예움하우스(24-13)    노해로9길 42-5  서울특별시 강북구 수유동
4  16000.0          스타캐슬     삼양로87길 11  서울특별시 강북구 수유동",18794
1130510300,13,43.3,2,2016,"   deposit building          road           dong
0  22200.0    명화하이빌  삼양로131길 11-6  서울특별시 강북구 수유동
1  20500.0  금강블랙에뜨레    노해로27길 106  서울특별시 강북구 수유동
2  27500.0     아코레빌    삼양로111길 43  서울특별시 강북구 수유동
3  27500.0     아코레빌    삼양로111길 43  서울특별시 강북구 수유동
4  16000.0    새울샌스빌    삼양로131길 15  서울특별시 강북구 수유동",20634
1130510100,18,59.985,2,2011,"   deposit        building         road           dong
0  12000.0            그린빌라    솔매로17길 33  서울특별시 강북구 미아동
1  18000.0  그랜드하우스(329-18)    도봉로23길 37  서울특별시 강북구 미아동
2  16000.0            하늘마당    삼양로69길 49  서울특별시 강북구 미아동
3  18000.0           은혜빌리지    삼양로69길 27  서울특별시 강북구 미아동
4  19000.0       (734-145)  삼양로38길 21-4  서울특별시 강북구 미아동",16643
1130510100,24,77.78,1,1979,"   deposit  building         road           dong
0  12000.0        일심     솔매로17길 6  서울특별시 강북구 미아동
1  12000.0        일심     솔매로17길 6  서울특별시 강북구 미아동
2   8500.0  (679-17)  삼양로24길 52-8  서울특별시 강북구 미아동
3  10000.0  (679-17)  삼양로24길 52-8  서울특별시 강북구 미아동
4  10000.0  (403-27)    솔샘로60길 28  서울특별시 강북구 미아동",12639.91667
1130510300,27,89.49,1,1982,"   deposit     building          road           dong
0  14000.0         보광빌라      삼각산로 109  서울특별시 강북구 수유동
1  17000.0  한신빌라(451-1)      덕릉로 27-4  서울특별시 강북구 수유동
2  19000.0   수유빌라(47-3)        덕릉로 81  서울특별시 강북구 수유동
3   7000.0         삼흥연립     삼양로77길 95  서울특별시 강북구 수유동
4  15000.0         진성빌라  삼양로126길 11-6  서울특별시 강북구 수유동",14255
1130510400,33,108.44,1,1977,"   deposit  building           road           dong
0  12000.0  (163-13)  삼양로169길 24-18  서울특별시 강북구 우이동
1  10000.0      진성빌라        삼양로 619  서울특별시 강북구 우이동
2  15500.0      진성빌라        삼양로 619  서울특별시 강북구 우이동
3  14000.0      보광빌라       삼각산로 109  서울특별시 강북구 수유동
4  14500.0      진성빌라        삼양로 619  서울특별시 강북구 우이동",12190
1130510300,12,40.25,3,2017,"   deposit  building           road           dong
0   2000.0     OK팰리스  삼양로123길 14-10  서울특별시 강북구 수유동
1  17500.0     기산에코빌  인수봉로55길 15-24  서울특별시 강북구 수유동
2  17000.0  힐트리움J클래스      삼양로 370-1  서울특별시 강북구 수유동
3  17000.0      스타캐슬   인수봉로79나길 3-6  서울특별시 강북구 수유동
4  24000.0     젤존410    인수봉로52가길 48  서울특별시 강북구 수유동",17381
1130510100,17,57.44,4,2019,"   deposit     building          road           dong
0  20500.0  대도벤츠하우스(A동)     삼양로 273-5  서울특별시 강북구 미아동
1  28000.0       유경쉐르빌3   인수봉로20나길 38  서울특별시 강북구 미아동
2  30000.0         초이스빌     삼양로57가길 6  서울특별시 강북구 미아동
3   2000.0        예담빌리지     솔매로10길 14  서울특별시 강북구 미아동
4  25000.0      화인하우스A동  도봉로29길 69-10  서울특별시 강북구 미아동",25684
1130510200,15,49.3,3,1996,"   deposit building           road          dong
0  11000.0  노하하이츠빌라     오현로25가길 33  서울특별시 강북구 번동
1   9500.0  번창하이츠빌라  오현로31길 133-17  서울특별시 강북구 번동
2  10000.0   이형그린빌라      덕릉로42길 36  서울특별시 강북구 번동
3  10000.0   한전빌라A동  한천로109길 57-10  서울특별시 강북구 번동
4  10000.0   한양빌라7차  한천로109길 57-46  서울특별시 강북구 번동",10559
1130510300,23,75.33,2,2004,"   deposit building           road           dong
0  15000.0     윤진빌라   한천로166길 5-19  서울특별시 강북구 수유동
1  22200.0   은행빌라A동    수유로21길 3-10  서울특별시 강북구 수유동
2  19200.0   은행빌라A동    수유로21길 3-10  서울특별시 강북구 수유동
3  15000.0     두성맨션  인수봉로72길 27-25  서울특별시 강북구 수유동
4  16000.0      한터빌      노해로 123-5  서울특별시 강북구 수유동",15882
1130510400,26,84.77,3,1995,"   deposit   building          road           dong
0   1000.0  그린아트빌라(B)  삼양로173길 51-8  서울특별시 강북구 우이동
1  18000.0       한솔빌라    삼양로149길 56  서울특별시 강북구 우이동
2  14500.0       진성빌라       삼양로 619  서울특별시 강북구 우이동
3  18000.0      삼일파크빌  삼양로163길 31-6  서울특별시 강북구 우이동
4  15500.0       진성빌라       삼양로 619  서울특별시 강북구 우이동",12481
1130510100,14,45.36,3,2008,"   deposit          building          road           dong
0  12000.0             모던하우스     솔매로22길 24  서울특별시 강북구 미아동
1  11000.0       대성빌라(831-8)     솔매로7가길 21  서울특별시 강북구 미아동
2  12500.0             모던하우스     솔매로22길 24  서울특별시 강북구 미아동
3   8000.0  삼각산빌리지(791-3286)  인수봉로6가길 15-2  서울특별시 강북구 미아동
4  22000.0      정원드림빌(329-8)     도봉로21길 28  서울특별시 강북구 미아동",12455
1130510300,11,35.08,5,2013,"   deposit   building           road           dong
0   9000.0   (563-37)  4.19로11길 8-10  서울특별시 강북구 수유동
1  17000.0  (252-223)      노해로26길 17  서울특별시 강북구 수유동
2  17500.0      힐링하우스  인수봉로55길 27-12  서울특별시 강북구 수유동
3  15000.0      한신팰리스       삼양로98길 8  서울특별시 강북구 수유동
4  17500.0      진영토담빌     한천로140길 84  서울특별시 강북구 수유동",11870
1130510300,13,42.18,2,2008,"   deposit        building          road           dong
0  12000.0   세명그린빌(134-68)      수유로17길 3  서울특별시 강북구 수유동
1  11000.0      대원씨티빌라트11차    삼각산로34길 56  서울특별시 강북구 수유동
2  16000.0  화인하우스(130-143)    노해로9길 60-4  서울특별시 강북구 수유동
3  15000.0           대성아트빌  삼양로87가길 12-5  서울특별시 강북구 수유동
4  17500.0   상록캐스빌(455-30)      인수봉로 164  서울특별시 강북구 수유동",12292
1130510100,12,40.51,2,2019,"   deposit building         road           dong
0  20000.0  진성힐스테이트  솔샘로47나길 6-8  서울특별시 강북구 미아동
1  28500.0  남광하이빌B동    도봉로41길 23  서울특별시 강북구 미아동
2  18000.0    금강에뜨레  삼양로63길 13-4  서울특별시 강북구 미아동
3  18000.0    금강에뜨레  삼양로63길 13-4  서울특별시 강북구 미아동
4  15500.0   경모하늘풍경    솔매로22길 51  서울특별시 강북구 미아동",24625
1130510100,11,36.92,2,2006,"   deposit  building         road           dong
0   8000.0  (836-55)  인수봉로6길 58-2  서울특별시 강북구 미아동
1  12000.0       리치빌   삼양로68가길 15  서울특별시 강북구 미아동
2  17000.0    골든하우스2    도봉로31길 13  서울특별시 강북구 미아동
3  15000.0     삼화아트빌   삼양로35가길 19  서울특별시 강북구 미아동
4  13000.0     현진렉스빌   솔매로22가길 58  서울특별시 강북구 미아동",9185
1130510100,9,29.37,5,2007,"   deposit    building         road           dong
0   9500.0     미아동근생주택  삼양로27길 20-4  서울특별시 강북구 미아동
1   8000.0  (791-2798)  솔매로22길 42-1  서울특별시 강북구 미아동
2  10500.0       삼원빌라트     솔매로10길 3  서울특별시 강북구 미아동
3  11000.0        전망빌라   인수봉로14길 25  서울특별시 강북구 미아동
4  10000.0       모던하우스    솔매로22길 24  서울특별시 강북구 미아동",9093
1130510100,21,68.04,2,1998,"   deposit     building          road           dong
0  18000.0  영흥맨션(321-8)     도봉로33길 45  서울특별시 강북구 미아동
1  15000.0  하나빌라(8-363)     월계로21길 29  서울특별시 강북구 미아동
2  14000.0         광미맨션     삼양로41길 29  서울특별시 강북구 미아동
3  20000.0       백운빌라2차  솔샘로64다길 36-4  서울특별시 강북구 미아동
4  15000.0      양정빌라트9차     인수봉로8길 31  서울특별시 강북구 미아동",16145
1130510300,20,64.8,4,2010,"   deposit        building           road           dong
0  16000.0  화인하우스(130-143)     노해로9길 60-4  서울특별시 강북구 수유동
1  16000.0           우림스타빌  한천로162길 25-12  서울특별시 강북구 수유동
2  10000.0        삼호파크빌11차     인수봉로61길 26  서울특별시 강북구 수유동
3  17000.0     상록수(469-38)       덕릉로8길 17  서울특별시 강북구 수유동
4   3573.0    정빈하이빌(706-2)    노해로33길 88-9  서울특별시 강북구 수유동",17575
1130510100,15,49.41,1,1991,"   deposit    building           road           dong
0  12000.0  동광빌라(8-53)     월계로21나길 21  서울특별시 강북구 미아동
1  11000.0     (436-8)  삼양로20나길 46-31  서울특별시 강북구 미아동
2  10000.0         연빌라  솔샘로64나길 32-11  서울특별시 강북구 미아동
3  10000.0        삼우주택    솔매로22길 46-4  서울특별시 강북구 미아동
4  12500.0        삼진빌라     솔매로7길 15-2  서울특별시 강북구 미아동",10925
1130510100,9,29.62,3,2019,"   deposit        building         road           dong
0  23000.0         경일리치빌3차    솔샘로65길 57  서울특별시 강북구 미아동
1  15000.0  삼성레드빌A동(719-6)   삼양로38라길 26  서울특별시 강북구 미아동
2   8000.0          h home    삼양로69길 37  서울특별시 강북구 미아동
3  16500.0   블루빌(791-1227)  삼양로63가길 7-9  서울특별시 강북구 미아동
4  14000.0   블루빌(791-1227)  삼양로63가길 7-9  서울특별시 강북구 미아동",20166
1130510100,11,37.38,3,2003,"   deposit     building          road           dong
0  11000.0        남영아트빌  솔샘로64나길 52-4  서울특별시 강북구 미아동
1  13000.0   그린빌(84-47)  오패산로38길 18-8  서울특별시 강북구 미아동
2  12500.0        모던하우스     솔매로22길 24  서울특별시 강북구 미아동
3  20000.0        미래안빌라   도봉로61길 22-4  서울특별시 강북구 미아동
4  11000.0  대성빌라(831-8)     솔매로7가길 21  서울특별시 강북구 미아동",9512
1130510300,17,55.11,2,2012,"   deposit       building         road           dong
0  17500.0  대승빌리지(511-13)   인수봉로55가길 5  서울특별시 강북구 수유동
1  18500.0          하이디파크    노해로25길 28  서울특별시 강북구 수유동
2  22000.0       THE VIEW     인수봉로 166  서울특별시 강북구 수유동
3  20000.0          명성로즈빌  노해로33길 40-9  서울특별시 강북구 수유동
4  22500.0       예움하우스(B)  삼양로97길 13-2  서울특별시 강북구 수유동",17538.92
1130510100,19,64.08,1,2017,"   deposit        building          road           dong
0  25500.0          경모하늘풍경     솔매로22길 51  서울특별시 강북구 미아동
1   3500.0           삼성쉐르빌      솔매로 21-1  서울특별시 강북구 미아동
2  24000.0  삼성레드빌B동(719-8)  삼양로38라길 26-6  서울특별시 강북구 미아동
3  15000.0         썬빌라(1동)   인수봉로6길 11-3  서울특별시 강북구 미아동
4  15000.0  다솜빌라(791-1047)   삼양로69길 17-4  서울특별시 강북구 미아동",14881
1130510400,15,50.42,1,1995,"   deposit     building           road           dong
0  12000.0         성보주택   삼양로159가길 8-5  서울특별시 강북구 우이동
1  14000.0         성환빌라     삼양로159길 27  서울특별시 강북구 우이동
2  14000.0         성환빌라     삼양로159길 27  서울특별시 강북구 우이동
3    500.0  한진빌라(40-8)       삼양로 640-6  서울특별시 강북구 우이동
4   8000.0         충무빌라  삼양로155길 15-14  서울특별시 강북구 우이동",10810
1130510100,12,39.985,1,2008,"   deposit   building         road           dong
0  14000.0  (776-140)    솔매로22길 25  서울특별시 강북구 미아동
1  17000.0     골든하우스2    도봉로31길 13  서울특별시 강북구 미아동
2   8000.0   (836-55)  인수봉로6길 58-2  서울특별시 강북구 미아동
3  15000.0      삼화아트빌   삼양로35가길 19  서울특별시 강북구 미아동
4  13000.0      현진렉스빌   솔매로22가길 58  서울특별시 강북구 미아동",12415.5
1130510100,17,54.66,4,2019,"   deposit     building          road           dong
0  20500.0  대도벤츠하우스(A동)     삼양로 273-5  서울특별시 강북구 미아동
1  28000.0       유경쉐르빌3   인수봉로20나길 38  서울특별시 강북구 미아동
2  30000.0         초이스빌     삼양로57가길 6  서울특별시 강북구 미아동
3   2000.0        예담빌리지     솔매로10길 14  서울특별시 강북구 미아동
4  25000.0      화인하우스A동  도봉로29길 69-10  서울특별시 강북구 미아동",27296
1130510300,14,46.26,5,2016,"   deposit      building           road           dong
0  20000.0         자이홈타운     삼양로136길 18  서울특별시 강북구 수유동
1  21000.0         DH팰리스  삼양로123길 40-31  서울특별시 강북구 수유동
2  19500.0       센트빌101동  도봉로101길 33-16  서울특별시 강북구 수유동
3  21500.0  힐링하우스(1-191)     노해로7길 39-6  서울특별시 강북구 수유동
4  22800.0         명화하이빌   삼양로131길 11-6  서울특별시 강북구 수유동",20350
1130510200,17,56.89,2,2014,"   deposit   building         road           dong
0  17000.0      시원리치빌    덕릉로51가길 5   서울특별시 강북구 번동
1  16000.0       그랜드빌  오현로21길 10-5   서울특별시 강북구 번동
2  13000.0        다솔빌  한천로124나길 36   서울특별시 강북구 번동
3  19000.0  (734-145)  삼양로38길 21-4  서울특별시 강북구 미아동
4  20000.0      금강에뜨레  삼양로63길 13-4  서울특별시 강북구 미아동",18254.19
1130510300,8,27.21,2,2017,"   deposit building       road           dong
0  16000.0     스타캐슬  삼양로87길 11  서울특별시 강북구 수유동
1  22800.0  르레브힐스B동  노해로27길 32  서울특별시 강북구 수유동
2  22800.0  르레브힐스B동  노해로27길 32  서울특별시 강북구 수유동
3  19000.0    MS펠리체  삼양로 336-8  서울특별시 강북구 수유동
4  16300.0   보하티빌B동  삼양로69길 10  서울특별시 강북구 수유동",14496
1130510100,17,55.05,3,2003,"   deposit     building           road           dong
0  11000.0         남북빌라     인수봉로12길 11  서울특별시 강북구 미아동
1  12500.0  성신쉐르빌9차(A동)   인수봉로12길 11-7  서울특별시 강북구 미아동
2  20000.0      청운빌라13차    솔샘로60길 13-5  서울특별시 강북구 미아동
3  11000.0        동명아트빌       솔매로7다길 6  서울특별시 강북구 미아동
4   8000.0      대성하이츠빌라  인수봉로12길 15-15  서울특별시 강북구 미아동",13805
1130510100,13,42.98,3,2018,"   deposit        building        road           dong
0  22500.0  삼성레드빌A동(719-6)  삼양로38라길 26  서울특별시 강북구 미아동
1  23000.0    금강에뜨레2단지202동   도봉로47길 56  서울특별시 강북구 미아동
2  21000.0  삼성레드빌A동(719-6)  삼양로38라길 26  서울특별시 강북구 미아동
3  21000.0             한양빌   삼양로 226-3  서울특별시 강북구 미아동
4  22000.0    정원드림빌(329-8)   도봉로21길 28  서울특별시 강북구 미아동",26364
1130510300,14,45.29,2,2019,"   deposit building          road           dong
0  28700.0    유화빌A동    한천로160길 34  서울특별시 강북구 수유동
1  28700.0    유화빌A동    한천로160길 34  서울특별시 강북구 수유동
2  28700.0    유화빌A동    한천로160길 34  서울특별시 강북구 수유동
3  22200.0    명화하이빌  삼양로131길 11-6  서울특별시 강북구 수유동
4  27500.0    다원힐스빌    삼양로138길 68  서울특별시 강북구 수유동",25036
1130510300,17,55.89,5,2019,"   deposit      building        road           dong
0  28000.0         빌드아르떼  삼양로80가길 56  서울특별시 강북구 수유동
1  22000.0            다옴  삼양로80가길 11  서울특별시 강북구 수유동
2  21500.0  힐링하우스(1-191)  노해로7길 39-6  서울특별시 강북구 수유동
3  18000.0  화인하우스(39-38)  삼각산로34길 15  서울특별시 강북구 수유동
4  20000.0         자이홈타운  삼양로136길 18  서울특별시 강북구 수유동",26815
1130510100,15,50.23,2,2008,"   deposit         building          road           dong
0  10000.0             나눔빌라      솔매로7가길 6  서울특별시 강북구 미아동
1  13000.0            현진렉스빌    솔매로22가길 58  서울특별시 강북구 미아동
2  15000.0            삼화아트빌    삼양로35가길 19  서울특별시 강북구 미아동
3  16000.0             하늘마당     삼양로69길 49  서울특별시 강북구 미아동
4  12000.0  삼성골드빌(791-1894)  인수봉로12길 11-8  서울특별시 강북구 미아동",12443
1130510300,8,27.28,4,2019,"   deposit       building          road           dong
0  21200.0   예움하우스(24-13)    노해로9길 42-5  서울특별시 강북구 수유동
1  15000.0  정원팰리스(296-21)  인수봉로72길 27-1  서울특별시 강북구 수유동
2  19000.0  로민하우스(442-14)    인수봉로52길 50  서울특별시 강북구 수유동
3  18000.0        마루스위트30     삼양로 510-5  서울특별시 강북구 수유동
4  21500.0  아산피렌체(270-19)  한천로166길 26-4  서울특별시 강북구 수유동",19527
1130510300,17,55.62,3,2008,"   deposit      building          road           dong
0  13000.0         대승렉스빌  삼양로123길 10-8  서울특별시 강북구 수유동
1  16000.0  대광빌리지(686-5)   노해로32길 5-10  서울특별시 강북구 수유동
2  19000.0  현대그랑빌(32-39)     노해로15길 42  서울특별시 강북구 수유동
3  14000.0        북한산수빌라      인수봉로 102  서울특별시 강북구 수유동
4  19500.0         동해팰리스    삼양로119길 21  서울특별시 강북구 수유동",17045
1130510100,18,57.96,1,1987,"   deposit   building          road           dong
0  15000.0     대성그린빌라      오패산로 260  서울특별시 강북구 미아동
1   7000.0     대성그린빌라      오패산로 260  서울특별시 강북구 미아동
2  15000.0     대성그린빌라      오패산로 260  서울특별시 강북구 미아동
3  12000.0  (416-108)  솔샘로64나길 38-6  서울특별시 강북구 미아동
4   8000.0       근화빌라   덕릉로28길 9-27  서울특별시 강북구 미아동",13656.40476
1130510200,10,32.38,1,2003,"   deposit building           road          dong
0   6500.0     우영빌라    덕릉로42길 56-6  서울특별시 강북구 번동
1   7000.0  경원빌라15차     오현로25다길 60  서울특별시 강북구 번동
2   6500.0     백합빌라     오현로25나길 20  서울특별시 강북구 번동
3  11000.0    성우빌라A   오현로31길 93-26  서울특별시 강북구 번동
4   9000.0    성우빌라C  오현로31길 113-29  서울특별시 강북구 번동",9924
1130510100,7,24.3,4,2013,"   deposit    building         road           dong
0  15000.0       금강에뜨레  삼양로63길 13-4  서울특별시 강북구 미아동
1  20000.0       문이빌라트   삼양로68가길 11  서울특별시 강북구 미아동
2  17000.0     진성힐스테이트  솔샘로47나길 6-8  서울특별시 강북구 미아동
3   8000.0  (791-2798)  솔매로22길 42-1  서울특별시 강북구 미아동
4  20000.0     경일리치빌3차    솔샘로65길 57  서울특별시 강북구 미아동",10268
1130510300,9,29.52,7,2019,"   deposit building        road           dong
0  20000.0    아띠하우스  한천로140길 58  서울특별시 강북구 수유동
1  17000.0    진영토담빌  한천로140길 84  서울특별시 강북구 수유동
2  17000.0    진영토담빌  한천로140길 84  서울특별시 강북구 수유동
3  20000.0    아띠하우스  한천로140길 58  서울특별시 강북구 수유동
4  18300.0  마루스위트30   삼양로 510-5  서울특별시 강북구 수유동",20050
1130510100,16,53.97,1,1991,"   deposit    building           road           dong
0  12000.0   (416-108)   솔샘로64나길 38-6  서울특별시 강북구 미아동
1  12500.0        삼진빌라     솔매로7길 15-2  서울특별시 강북구 미아동
2  10000.0        삼우주택    솔매로22길 46-4  서울특별시 강북구 미아동
3  11000.0     (436-8)  삼양로20나길 46-31  서울특별시 강북구 미아동
4  12000.0  동광빌라(8-53)     월계로21나길 21  서울특별시 강북구 미아동",11772.5
1130510300,11,36.15,1,1994,"   deposit      building          road           dong
0  11000.0  은행빌라(519-55)    인수봉로61길 17  서울특별시 강북구 수유동
1   8000.0   삼보빌라(722-4)     노해로33가길 5  서울특별시 강북구 수유동
2   9500.0     혁구하이츠빌라5동    삼양로126길 28  서울특별시 강북구 수유동
3  10000.0      신한국하이츠빌라    인수봉로60길 37  서울특별시 강북구 수유동
4  10000.0      길안그린빌라3동  삼양로130길 9-13  서울특별시 강북구 수유동",8054
1130510300,16,52.14,2,2018,"   deposit  building           road           dong
0  27000.0     서현펠리스    삼양로71길 17-6  서울특별시 강북구 수유동
1  21000.0    수유 라온가   삼양로117길 34-8  서울특별시 강북구 수유동
2  23000.0   센트빌101동  도봉로101길 33-16  서울특별시 강북구 수유동
3  20000.0     The이도     삼양로136길 34  서울특별시 강북구 수유동
4  22500.0  예움하우스(B)    삼양로97길 13-2  서울특별시 강북구 수유동",27521
1130510200,9,30.5,3,1993,"   deposit       building           road          dong
0   5800.0  창헌주택(148-261)     오현로25마길 51  서울특별시 강북구 번동
1   4000.0           사방빌라       오현로25길 6  서울특별시 강북구 번동
2   5500.0           창헌주택     오현로25나길 29  서울특별시 강북구 번동
3   7000.0           효성빌라  오현로21길 132-12  서울특별시 강북구 번동
4  10000.0         진숙빌라3차      도봉로78길 81  서울특별시 강북구 번동",6639.5
1130510300,19,62.54,3,1994,"   deposit      building           road           dong
0  15000.0         충효하이츠  삼양로139나길 17-4  서울특별시 강북구 수유동
1  15000.0      진한맨션(가동)      노해로23길 24  서울특별시 강북구 수유동
2  12500.0          금강맨션     인수봉로28길 39  서울특별시 강북구 수유동
3  14000.0  정원맨션(252-96)      노해로27길 20  서울특별시 강북구 수유동
4  18500.0          삼우맨숀     삼각산로28길 26  서울특별시 강북구 수유동",13345
1130510200,18,59.9,2,2000,"   deposit       building          road          dong
0  16000.0      삼안리치하우스A동   한천로130가길 11  서울특별시 강북구 번동
1  16500.0       (521-59)     덕릉로42길 42  서울특별시 강북구 번동
2  13500.0           삼성빌라  오현로32길 30-20  서울특별시 강북구 번동
3  18000.0  한솔그랑빌(416-80)     덕릉로41길 87  서울특별시 강북구 번동
4  12000.0          아침빌리지   한천로109가길 19  서울특별시 강북구 번동",14767
1130510100,18,58.07,3,2008,"   deposit          building          road           dong
0  15000.0              천수빌라     삼양로 273-9  서울특별시 강북구 미아동
1  13000.0             모던하우스     솔매로22길 24  서울특별시 강북구 미아동
2  18000.0             은혜빌리지     삼양로69길 27  서울특별시 강북구 미아동
3  16500.0             성우빌리지  도봉로29길 83-34  서울특별시 강북구 미아동
4   8000.0  삼각산빌리지(791-3286)  인수봉로6가길 15-2  서울특별시 강북구 미아동",14690
1130510200,19,64.09,3,2002,"   deposit   building          road          dong
0  12000.0      아침빌리지   한천로109가길 19  서울특별시 강북구 번동
1  16000.0  삼안리치하우스A동   한천로130가길 11  서울특별시 강북구 번동
2  16500.0   (521-59)     덕릉로42길 42  서울특별시 강북구 번동
3  17000.0      시원리치빌     덕릉로51가길 5  서울특별시 강북구 번동
4  13500.0       삼성빌라  오현로32길 30-20  서울특별시 강북구 번동",17896
1130510300,9,29.94,4,2018,"   deposit       building          road           dong
0  22000.0           루미에르    한천로172가길 1  서울특별시 강북구 수유동
1   7500.0         그린힐빌리지     노해로33길 54  서울특별시 강북구 수유동
2  21500.0  아산피렌체(270-19)  한천로166길 26-4  서울특별시 강북구 수유동
3  18000.0        마루스위트30     삼양로 510-5  서울특별시 강북구 수유동
4  19000.0  로민하우스(442-14)    인수봉로52길 50  서울특별시 강북구 수유동",20763
1130510300,13,43.27,2,2015,"   deposit building          road           dong
0  20500.0  금강블랙에뜨레    노해로27길 106  서울특별시 강북구 수유동
1  27500.0     아코레빌    삼양로111길 43  서울특별시 강북구 수유동
2  27500.0     아코레빌    삼양로111길 43  서울특별시 강북구 수유동
3  12000.0    자산하이빌  노해로33길 28-10  서울특별시 강북구 수유동
4  22200.0    명화하이빌  삼양로131길 11-6  서울특별시 강북구 수유동",22883
1130510200,16,53.16,2,2003,"   deposit       building          road          dong
0  18000.0  한솔그랑빌(416-80)     덕릉로41길 87  서울특별시 강북구 번동
1  13500.0           삼성빌라  오현로32길 30-20  서울특별시 강북구 번동
2  16000.0      삼안리치하우스A동   한천로130가길 11  서울특별시 강북구 번동
3  16000.0           그랜드빌   오현로21길 10-5  서울특별시 강북구 번동
4  16500.0       (521-59)     덕릉로42길 42  서울특별시 강북구 번동",16502
1130510300,9,29.68,8,2015,"   deposit building        road           dong
0  17000.0    진영토담빌  한천로140길 84  서울특별시 강북구 수유동
1  20000.0    연승카운티   수유로12길 41  서울특별시 강북구 수유동
2  20000.0    연승카운티   수유로12길 41  서울특별시 강북구 수유동
3  17000.0    진영토담빌  한천로140길 84  서울특별시 강북구 수유동
4  17000.0    진영토담빌  한천로140길 84  서울특별시 강북구 수유동",17095
1130510100,17,55.8,2,2016,"   deposit   building           road           dong
0  21000.0      중앙홈타운    인수봉로20나길 56  서울특별시 강북구 미아동
1  19000.0  (734-145)    삼양로38길 21-4  서울특별시 강북구 미아동
2  20000.0      금강에뜨레    삼양로63길 13-4  서울특별시 강북구 미아동
3  32500.0    성훈팰리스B동      도봉로31길 21  서울특별시 강북구 미아동
4  26000.0      히람팰리스  오패산로30길 18-13  서울특별시 강북구 미아동",20340
1130510300,21,69.64,3,1987,"   deposit building           road           dong
0  10500.0     삼원빌라       인수봉로 229  서울특별시 강북구 수유동
1   9500.0     청화빌라  4.19로23길 24-9  서울특별시 강북구 수유동
2  13200.0     진성빌라   삼양로126길 11-6  서울특별시 강북구 수유동
3  15000.0    한마음빌라        삼각산로 47  서울특별시 강북구 수유동
4   8000.0     삼흥연립      삼양로77길 95  서울특별시 강북구 수유동",14170
1130510100,28,93.26,3,1984,"   deposit       building        road           dong
0  17000.0       영신맨션(가동)  삼양로38라길 10  서울특별시 강북구 미아동
1  25000.0  현대빌라(258-554)    오패산로 257  서울특별시 강북구 미아동
2  14500.0           한성빌라   도봉로78길 62   서울특별시 강북구 번동
3  16000.0          영진빌라트  솔샘로60가길 36  서울특별시 강북구 미아동
4  17000.0          양지빌라트    숭인로7길 15  서울특별시 강북구 미아동",15632
1130510300,13,41.44,5,2002,"   deposit      building           road           dong
0  12000.0         삼성디오빌      삼양로130길 8  서울특별시 강북구 수유동
1  12000.0     금정파크빌(다동)      덕릉로19길 19  서울특별시 강북구 수유동
2  11000.0     우창빌리지(나동)   삼각산로24길 27-6  서울특별시 강북구 수유동
3  10800.0         그린아트빌  인수봉로72길 15-11  서울특별시 강북구 수유동
4  11000.0  현대그랑빌(526-3)   인수봉로68길 15-3  서울특별시 강북구 수유동",11616
1130510100,15,48.92,1,1992,"   deposit    building           road           dong
0  12000.0  동광빌라(8-53)     월계로21나길 21  서울특별시 강북구 미아동
1  10000.0         연빌라  솔샘로64나길 32-11  서울특별시 강북구 미아동
2  11000.0     (436-8)  삼양로20나길 46-31  서울특별시 강북구 미아동
3  10000.0        삼우주택    솔매로22길 46-4  서울특별시 강북구 미아동
4  12500.0        삼진빌라     솔매로7길 15-2  서울특별시 강북구 미아동",10670
1130510100,13,44.28,1,1987,"   deposit   building           road           dong
0  11000.0     대성그린빌라       오패산로 260  서울특별시 강북구 미아동
1  10500.0   (436-33)  삼양로20나길 40-11  서울특별시 강북구 미아동
2  10000.0       미도빌라     도봉로23가길 16  서울특별시 강북구 미아동
3   9000.0  (636-108)       숭인로7길 45  서울특별시 강북구 미아동
4  10000.0        연빌라  솔샘로64나길 32-11  서울특별시 강북구 미아동",10755
1130510400,14,46.7,5,2018,"   deposit building          road           dong
0  24500.0    노블하우스   삼양로159가길 27  서울특별시 강북구 우이동
1  23000.0    젤존410   인수봉로52가길 48  서울특별시 강북구 수유동
2  22000.0       다옴    삼양로80가길 11  서울특별시 강북구 수유동
3  20000.0    자이홈타운    삼양로136길 18  서울특별시 강북구 수유동
4  23800.0    청담하이빌  인수봉로82길 13-5  서울특별시 강북구 수유동",25168
1130510300,18,58.06,4,2000,"   deposit         building           road           dong
0  19000.0  동일하이츠빌라(166-74)     한천로150길 72  서울특별시 강북구 수유동
1  17500.0             영일빌라  삼양로123길 46-15  서울특별시 강북구 수유동
2  21000.0               두온    도봉로81길 42-8  서울특별시 강북구 수유동
3  13000.0      가람하이츠빌라(나동)     삼양로 346-11  서울특별시 강북구 수유동
4  14000.0         월드홈타운(B)  인수봉로55길 22-15  서울특별시 강북구 수유동",15647
1130510100,17,57.39,2,2011,"   deposit        building         road           dong
0  12000.0            그린빌라    솔매로17길 33  서울특별시 강북구 미아동
1  18000.0  그랜드하우스(329-18)    도봉로23길 37  서울특별시 강북구 미아동
2  16000.0            하늘마당    삼양로69길 49  서울특별시 강북구 미아동
3  19000.0       (734-145)  삼양로38길 21-4  서울특별시 강북구 미아동
4  20000.0           금강에뜨레  삼양로63길 13-4  서울특별시 강북구 미아동",17650
1130510300,12,40.92,5,2002,"   deposit      building           road           dong
0  12000.0         삼성디오빌      삼양로130길 8  서울특별시 강북구 수유동
1  12000.0     금정파크빌(다동)      덕릉로19길 19  서울특별시 강북구 수유동
2  11000.0     우창빌리지(나동)   삼각산로24길 27-6  서울특별시 강북구 수유동
3  10800.0         그린아트빌  인수봉로72길 15-11  서울특별시 강북구 수유동
4  11000.0  현대그랑빌(526-3)   인수봉로68길 15-3  서울특별시 강북구 수유동",11801
1130510100,5,17.63,3,2002,"   deposit building        road           dong
0   3500.0     산수빌라   솔매로7가길 36  서울특별시 강북구 미아동
1   9000.0    로뎀빌리지   도봉로31길 11  서울특별시 강북구 미아동
2   2000.0     송산주택  오패산로31길 16  서울특별시 강북구 미아동
3  10000.0    한양그린빌  삼양로40길 6-8  서울특별시 강북구 미아동
4   7000.0    로뎀빌리지   도봉로31길 11  서울특별시 강북구 미아동",5383
1130510300,5,15.85,8,2012,"   deposit building        road           dong
0   8500.0     프리마베    노해로3길 37  서울특별시 강북구 수유동
1  17000.0    진영토담빌  한천로140길 84  서울특별시 강북구 수유동
2  17000.0    진영토담빌  한천로140길 84  서울특별시 강북구 수유동
3  17000.0    진영토담빌  한천로140길 84  서울특별시 강북구 수유동
4  20000.0    연승카운티   수유로12길 41  서울특별시 강북구 수유동",7560
1130510300,21,69.84,2,2002,"   deposit         building          road           dong
0  22200.0           은행빌라A동   수유로21길 3-10  서울특별시 강북구 수유동
1  19200.0           은행빌라A동   수유로21길 3-10  서울특별시 강북구 수유동
2  15000.0             윤진빌라  한천로166길 5-19  서울특별시 강북구 수유동
3  15000.0  성지그레이스빌(288-10)  삼양로123길 14-7  서울특별시 강북구 수유동
4  18000.0             삼우맨숀    삼각산로28길 26  서울특별시 강북구 수유동",17788
1130510200,13,42.1,3,1995,"   deposit       building           road          dong
0  11000.0        노하하이츠빌라     오현로25가길 33  서울특별시 강북구 번동
1   7000.0           효성빌라  오현로21길 132-12  서울특별시 강북구 번동
2   5500.0           창헌주택     오현로25나길 29  서울특별시 강북구 번동
3   4000.0           사방빌라       오현로25길 6  서울특별시 강북구 번동
4   5800.0  창헌주택(148-261)     오현로25마길 51  서울특별시 강북구 번동",11028
1130510300,15,48.68,3,2018,"   deposit       building         road           dong
0  25700.0  양지쉐르빌(313-29)   삼양로119길 15  서울특별시 강북구 수유동
1  23000.0          유화빌A동   한천로160길 34  서울특별시 강북구 수유동
2  34200.0           아트리움  삼양로92길 1-28  서울특별시 강북구 수유동
3  15000.0        (280-1)   인수봉로84길 35  서울특별시 강북구 수유동
4  22500.0          젤존타운2   한천로160길 47  서울특별시 강북구 수유동",25866
1130510300,10,34.19,4,2013,"   deposit       building           road           dong
0  16000.0            아인빌     인수봉로76길 23  서울특별시 강북구 수유동
1  17000.0           젤존타운      노해로35가길 3  서울특별시 강북구 수유동
2  12000.0  풀내음파크빌(558-4)     인수봉로 299-2  서울특별시 강북구 수유동
3  19500.0          기산에코빌  인수봉로55길 15-24  서울특별시 강북구 수유동
4  10500.0            미성빌   인수봉로68길 15-8  서울특별시 강북구 수유동",12891
1130510100,13,44.52,3,1994,"   deposit      building           road           dong
0   8500.0     (439-185)      삼양로20나길 5  서울특별시 강북구 미아동
1  12000.0         청기와빌라       도봉로59길 8  서울특별시 강북구 미아동
2   7000.0          다운빌라      인수봉로6길 21  서울특별시 강북구 미아동
3  13000.0  현대빌라(436-72)  삼양로20나길 40-26  서울특별시 강북구 미아동
4   8500.0          대영맨션  인수봉로20가길 13-5  서울특별시 강북구 미아동",10495
1130510300,18,59.85,5,2014,"   deposit      building         road           dong
0  18000.0  화인하우스(39-38)   삼각산로34길 15  서울특별시 강북구 수유동
1  25000.0      호호(A.B동)    삼양로92길 12  서울특별시 강북구 수유동
2  17000.0      세영빌라(B동)  4.19로 11-11  서울특별시 강북구 수유동
3  28000.0         빌드아르떼   삼양로80가길 56  서울특별시 강북구 수유동
4  22000.0            다옴   삼양로80가길 11  서울특별시 강북구 수유동",18126.73
1130510100,20,66.87,4,2006,"   deposit      building         road           dong
0  20000.0         토토하우스    인수봉로8길 10  서울특별시 강북구 미아동
1  18000.0        미도그랜드힐  인수봉로20나길 52  서울특별시 강북구 미아동
2  16000.0          대선빌딩    삼양로19길 59  서울특별시 강북구 미아동
3  13000.0          천수빌라    삼양로 273-9  서울특별시 강북구 미아동
4  16000.0  동아하이빌(158-3)     덕릉로32길 6  서울특별시 강북구 미아동",17375
1130510300,5,15.57,6,2013,"   deposit building          road           dong
0  11000.0     온누리빌      노해로3길 35  서울특별시 강북구 수유동
1   5700.0   필하우스4차   인수봉로52가길 16  서울특별시 강북구 수유동
2   6000.0      동아림   4.19로13길 11  서울특별시 강북구 수유동
3   7000.0    코지하우스    한천로 1053-6  서울특별시 강북구 수유동
4   9000.0  라온드림하우스  삼양로92길 29-16  서울특별시 강북구 수유동",7610
1130510100,12,38.68,2,2019,"   deposit building         road           dong
0  20000.0  진성힐스테이트  솔샘로47나길 6-8  서울특별시 강북구 미아동
1  28500.0  남광하이빌B동    도봉로41길 23  서울특별시 강북구 미아동
2  18000.0    금강에뜨레  삼양로63길 13-4  서울특별시 강북구 미아동
3  18000.0    금강에뜨레  삼양로63길 13-4  서울특별시 강북구 미아동
4  15500.0   경모하늘풍경    솔매로22길 51  서울특별시 강북구 미아동",20571
1130510300,9,29.9,3,2016,"   deposit      building         road           dong
0  16500.0         동화씨티빌    도봉로97길 34  서울특별시 강북구 수유동
1  14000.0         그랜드캐슬    인수봉로51길 4  서울특별시 강북구 수유동
2  21900.0  동아쉐르빌(480-3)  삼양로77길 36-8  서울특별시 강북구 수유동
3  10500.0        마루솔하이빌   인수봉로84길 37  서울특별시 강북구 수유동
4  18000.0        참하우스토리   인수봉로61길 18  서울특별시 강북구 수유동",16277
1130510100,13,42.97,3,2008,"   deposit          building          road           dong
0  12500.0             모던하우스     솔매로22길 24  서울특별시 강북구 미아동
1  12000.0             모던하우스     솔매로22길 24  서울특별시 강북구 미아동
2  11000.0       대성빌라(831-8)     솔매로7가길 21  서울특별시 강북구 미아동
3   8000.0  삼각산빌리지(791-3286)  인수봉로6가길 15-2  서울특별시 강북구 미아동
4  22000.0      정원드림빌(329-8)     도봉로21길 28  서울특별시 강북구 미아동",12402
1130510300,12,40.31,2,1993,"   deposit          building        road           dong
0  11000.0         성신주택(9-5)    노해로9길 15  서울특별시 강북구 수유동
1   7500.0              미래주택  인수봉로28가길 9  서울특별시 강북구 수유동
2   8000.0  광진하이츠빌라(252-102)    노해로27길 7  서울특별시 강북구 수유동
3   9000.0       형제빌라(199-2)  삼각산로 126-5  서울특별시 강북구 수유동
4  11500.0          신건영빌리지7동  삼양로130길 17  서울특별시 강북구 수유동",9661.666667
1130510100,15,49.64,5,2016,"   deposit      building         road           dong
0  26600.0          초이스빌    삼양로57가길 6  서울특별시 강북구 미아동
1  29500.0        유경쉐르빌3  인수봉로20나길 38  서울특별시 강북구 미아동
2  28500.0       남광하이빌A동    도봉로41길 21  서울특별시 강북구 미아동
3  25000.0         자이홈타운     솔매로 78-4  서울특별시 강북구 미아동
4  20000.0  삼성레드빌(707-7)    솔샘로 289-3  서울특별시 강북구 미아동",21802
1130510300,21,70.56,2,2001,"   deposit building          road           dong
0  19200.0   은행빌라A동   수유로21길 3-10  서울특별시 강북구 수유동
1  22200.0   은행빌라A동   수유로21길 3-10  서울특별시 강북구 수유동
2  15000.0     윤진빌라  한천로166길 5-19  서울특별시 강북구 수유동
3  14000.0   성우그린맨션  삼양로131길 5-20  서울특별시 강북구 수유동
4  18000.0     삼우맨숀    삼각산로28길 26  서울특별시 강북구 수유동",19967.5
1130510100,19,62.67,5,2011,"   deposit        building         road           dong
0  25000.0           자이홈타운     솔매로 78-4  서울특별시 강북구 미아동
1  24000.0    삼성레드빌(319-3)    도봉로37길 41  서울특별시 강북구 미아동
2  15000.0  삼성레드빌A동(719-6)   삼양로38라길 26  서울특별시 강북구 미아동
3  13000.0            천수빌라    삼양로 273-9  서울특별시 강북구 미아동
4  15000.0      (791-2741)  인수봉로6길 16-3  서울특별시 강북구 미아동",17945
1130510100,19,62.95,3,2002,"   deposit  building           road           dong
0  22000.0   청한에버빌B동      도봉로65길 22  서울특별시 강북구 미아동
1   8000.0   대성하이츠빌라  인수봉로12길 15-15  서울특별시 강북구 미아동
2  13000.0  양정빌라(6동)        인수봉로 40  서울특별시 강북구 미아동
3  20000.0   청운빌라13차    솔샘로60길 13-5  서울특별시 강북구 미아동
4  18000.0     은혜빌리지      삼양로69길 27  서울특별시 강북구 미아동",18025
1130510100,17,54.76,3,2012,"   deposit       building          road           dong
0  24000.0  삼성에코빌(762-40)    솔매로28길 7-6  서울특별시 강북구 미아동
1  20000.0          월드빌리지  오패산로38길 18-4  서울특별시 강북구 미아동
2  17000.0          미아센스빌       솔매로7길 4  서울특별시 강북구 미아동
3  13000.0          모던하우스     솔매로22길 24  서울특별시 강북구 미아동
4  21000.0            한양빌     삼양로 226-3  서울특별시 강북구 미아동",16376.46
1130510300,15,51.06,4,2000,"   deposit     building           road           dong
0  12000.0       석산수유맨션     노해로33가길 35  서울특별시 강북구 수유동
1  14000.0     월드홈타운(B)  인수봉로55길 22-15  서울특별시 강북구 수유동
2  14000.0     월드홈타운(B)  인수봉로55길 22-15  서울특별시 강북구 수유동
3  13000.0  가람하이츠빌라(나동)     삼양로 346-11  서울특별시 강북구 수유동
4  11000.0      삼광빌라12차      도봉로99길 60  서울특별시 강북구 수유동",12832
1130510300,5,15.09,5,2019,"   deposit       building         road           dong
0   9500.0        마루스위트30    삼양로 510-5  서울특별시 강북구 수유동
1   9500.0        마루스위트30    삼양로 510-5  서울특별시 강북구 수유동
2  18000.0  로민하우스(442-14)   인수봉로52길 50  서울특별시 강북구 수유동
3   6000.0            동아림  4.19로13길 11  서울특별시 강북구 수유동
4   5700.0         필하우스4차  인수봉로52가길 16  서울특별시 강북구 수유동",10241
1130510300,19,62.37,4,2010,"   deposit        building           road           dong
0  16000.0  화인하우스(130-143)     노해로9길 60-4  서울특별시 강북구 수유동
1  16000.0           우림스타빌  한천로162길 25-12  서울특별시 강북구 수유동
2  10000.0        삼호파크빌11차     인수봉로61길 26  서울특별시 강북구 수유동
3  17000.0     상록수(469-38)       덕릉로8길 17  서울특별시 강북구 수유동
4   3573.0    정빈하이빌(706-2)    노해로33길 88-9  서울특별시 강북구 수유동",17565
1130510200,5,15.21,8,2012,"   deposit building          road           dong
0   7500.0    파로스타워    오패산로77길 12   서울특별시 강북구 번동
1   8500.0     프리마베      노해로3길 37  서울특별시 강북구 수유동
2  19500.0    파크스위트  한천로123길 53-3   서울특별시 강북구 번동
3  17000.0    진영토담빌    한천로140길 84  서울특별시 강북구 수유동
4   8000.0    파로스타워    오패산로77길 12   서울특별시 강북구 번동",7556
1130510100,17,54.96,4,2016,"   deposit     building          road           dong
0  20500.0  대도벤츠하우스(A동)     삼양로 273-5  서울특별시 강북구 미아동
1  15000.0   (791-2741)   인수봉로6길 16-3  서울특별시 강북구 미아동
2  20000.0       정원드림타운     도봉로41길 39  서울특별시 강북구 미아동
3  25000.0      화인하우스A동  도봉로29길 69-10  서울특별시 강북구 미아동
4  28000.0       유경쉐르빌3   인수봉로20나길 38  서울특별시 강북구 미아동",20665
1130510100,12,39.96,2,2008,"   deposit  building         road           dong
0  17000.0    골든하우스2    도봉로31길 13  서울특별시 강북구 미아동
1   8000.0  (836-55)  인수봉로6길 58-2  서울특별시 강북구 미아동
2  15000.0     삼화아트빌   삼양로35가길 19  서울특별시 강북구 미아동
3  13000.0     현진렉스빌   솔매로22가길 58  서울특별시 강북구 미아동
4  12000.0       리치빌   삼양로68가길 15  서울특별시 강북구 미아동",12370
1130510300,20,65.62,2,2002,"   deposit         building          road           dong
0  15000.0  성지그레이스빌(288-10)  삼양로123길 14-7  서울특별시 강북구 수유동
1  18000.0             삼우맨숀    삼각산로28길 26  서울특별시 강북구 수유동
2  19200.0           은행빌라A동   수유로21길 3-10  서울특별시 강북구 수유동
3  22200.0           은행빌라A동   수유로21길 3-10  서울특별시 강북구 수유동
4  17000.0          남경빌리지가동    삼양로139나길 4  서울특별시 강북구 수유동",16861
1130510300,17,55.11,2,2012,"   deposit       building         road           dong
0  17500.0  대승빌리지(511-13)   인수봉로55가길 5  서울특별시 강북구 수유동
1  18500.0          하이디파크    노해로25길 28  서울특별시 강북구 수유동
2  22000.0       THE VIEW     인수봉로 166  서울특별시 강북구 수유동
3  20000.0          명성로즈빌  노해로33길 40-9  서울특별시 강북구 수유동
4  22500.0       예움하우스(B)  삼양로97길 13-2  서울특별시 강북구 수유동",17538.92
1130510100,19,61.68,3,2003,"   deposit  building           road           dong
0  22000.0   청한에버빌B동      도봉로65길 22  서울특별시 강북구 미아동
1   8000.0   대성하이츠빌라  인수봉로12길 15-15  서울특별시 강북구 미아동
2  18000.0     은혜빌리지      삼양로69길 27  서울특별시 강북구 미아동
3  20000.0   청운빌라13차    솔샘로60길 13-5  서울특별시 강북구 미아동
4  13000.0  양정빌라(6동)        인수봉로 40  서울특별시 강북구 미아동",16958
1130510300,9,29.87,3,2016,"   deposit      building         road           dong
0  16500.0         동화씨티빌    도봉로97길 34  서울특별시 강북구 수유동
1  14000.0         그랜드캐슬    인수봉로51길 4  서울특별시 강북구 수유동
2  21900.0  동아쉐르빌(480-3)  삼양로77길 36-8  서울특별시 강북구 수유동
3  10500.0        마루솔하이빌   인수봉로84길 37  서울특별시 강북구 수유동
4  18000.0        참하우스토리   인수봉로61길 18  서울특별시 강북구 수유동",16113
1130510100,14,46.71,4,1996,"   deposit building           road           dong
0   9000.0     중앙맨션   삼양로38라길 11-5  서울특별시 강북구 미아동
1  12000.0    진한하이츠   오패산로60길 13-3  서울특별시 강북구 미아동
2   7500.0     삼우주택    솔매로22길 46-4  서울특별시 강북구 미아동
3  15000.0  에덴타운(나)      도봉로35길 25  서울특별시 강북구 미아동
4  10500.0     대영맨션  인수봉로20가길 13-5  서울특별시 강북구 미아동",10002
1130510100,16,52.12,5,2008,"   deposit    building       road           dong
0  15000.0  성일하이츠빌(7차)  삼양로74길 46  서울특별시 강북구 미아동
1  15000.0  성일하이츠빌(7차)  삼양로74길 46  서울특별시 강북구 미아동
2  25000.0       자이홈타운   솔매로 78-4  서울특별시 강북구 미아동
3  20000.0       이화아트빌  도봉로41길 57  서울특별시 강북구 미아동
4  13000.0        천수빌라  삼양로 273-9  서울특별시 강북구 미아동",14637
1130510100,12,40.02,5,2016,"   deposit       building         road           dong
0  20000.0          금강에뜨레  삼양로63길 13-4  서울특별시 강북구 미아동
1  20000.0   삼성레드빌(707-7)    솔샘로 289-3  서울특별시 강북구 미아동
2  28500.0        남광하이빌A동    도봉로41길 21  서울특별시 강북구 미아동
3  16000.0  블루빌(791-1227)  삼양로63가길 7-9  서울특별시 강북구 미아동
4  16000.0  블루빌(791-1227)  삼양로63가길 7-9  서울특별시 강북구 미아동",16307
1130510100,22,72.89,2,1996,"   deposit     building          road           dong
0  18000.0  영흥맨션(321-8)     도봉로33길 45  서울특별시 강북구 미아동
1  15000.0  하나빌라(8-363)     월계로21길 29  서울특별시 강북구 미아동
2  14000.0         광미맨션     삼양로41길 29  서울특별시 강북구 미아동
3  20000.0       백운빌라2차  솔샘로64다길 36-4  서울특별시 강북구 미아동
4  17000.0        양지빌라트      숭인로7길 15  서울특별시 강북구 미아동",15495
1130510300,15,50.54,5,2009,"   deposit      building          road           dong
0  16300.0         대성아트빌  삼양로87가길 12-5  서울특별시 강북구 수유동
1  11000.0  현대그랑빌(526-3)  인수봉로68길 15-3  서울특별시 강북구 수유동
2  25000.0      호호(A.B동)     삼양로92길 12  서울특별시 강북구 수유동
3  15000.0         한양하이츠    삼양로73가길 34  서울특별시 강북구 수유동
4  18000.0  화인하우스(39-38)    삼각산로34길 15  서울특별시 강북구 수유동",16395
1130510300,19,61.54,1,2002,"   deposit         building          road           dong
0  15000.0  황궁화이트맨션(400-20)     삼양로88가길 5  서울특별시 강북구 수유동
1  17000.0          황궁하이츠맨션  삼양로117길 34-3  서울특별시 강북구 수유동
2  14000.0           대림아트빌라     삼각산로 82-5  서울특별시 강북구 수유동
3  13000.0            강북빌라트   4.19로11길 33  서울특별시 강북구 수유동
4  15000.0          황궁하이츠맨션  삼양로117길 34-3  서울특별시 강북구 수유동",16065
1130510300,12,40.25,3,2017,"   deposit  building           road           dong
0   2000.0     OK팰리스  삼양로123길 14-10  서울특별시 강북구 수유동
1  17500.0     기산에코빌  인수봉로55길 15-24  서울특별시 강북구 수유동
2  17000.0  힐트리움J클래스      삼양로 370-1  서울특별시 강북구 수유동
3  17000.0      스타캐슬   인수봉로79나길 3-6  서울특별시 강북구 수유동
4  24000.0     젤존410    인수봉로52가길 48  서울특별시 강북구 수유동",17381
1130510100,17,54.66,4,2019,"   deposit     building          road           dong
0  20500.0  대도벤츠하우스(A동)     삼양로 273-5  서울특별시 강북구 미아동
1  28000.0       유경쉐르빌3   인수봉로20나길 38  서울특별시 강북구 미아동
2  30000.0         초이스빌     삼양로57가길 6  서울특별시 강북구 미아동
3   2000.0        예담빌리지     솔매로10길 14  서울특별시 강북구 미아동
4  25000.0      화인하우스A동  도봉로29길 69-10  서울특별시 강북구 미아동",27296
1130510300,13,43.075,5,2017,"   deposit      building          road           dong
0  20000.0  삼일아트빌(558-7)      인수봉로 303  서울특별시 강북구 수유동
1  22800.0         명화하이빌  삼양로131길 11-6  서울특별시 강북구 수유동
2  22800.0         명화하이빌  삼양로131길 11-6  서울특별시 강북구 수유동
3  23800.0         청담하이빌  인수봉로82길 13-5  서울특별시 강북구 수유동
4  23000.0         젤존410   인수봉로52가길 48  서울특별시 강북구 수유동",20318
1130510200,11,37.5,1,1996,"   deposit building          road          dong
0   6500.0     우영빌라   덕릉로42길 56-6  서울특별시 강북구 번동
1  11000.0    성우빌라A  오현로31길 93-26  서울특별시 강북구 번동
2   7000.0  경원빌라15차    오현로25다길 60  서울특별시 강북구 번동
3   6500.0     백합빌라    오현로25나길 20  서울특별시 강북구 번동
4   9000.0  백림하이츠빌라     오현로25길 22  서울특별시 강북구 번동",7417
1130510100,20,67.11,1,1980,"   deposit  building         road           dong
0   8500.0  (679-17)  삼양로24길 52-8  서울특별시 강북구 미아동
1  10000.0  (679-17)  삼양로24길 52-8  서울특별시 강북구 미아동
2  12000.0        일심     솔매로17길 6  서울특별시 강북구 미아동
3  12000.0        일심     솔매로17길 6  서울특별시 강북구 미아동
4   7000.0    대성그린빌라     오패산로 260  서울특별시 강북구 미아동",10991.72619
1130510100,22,73.17,3,2008,"   deposit         building          road           dong
0  22000.0  성우홈시티(101,102동)     도봉로29길 88  서울특별시 강북구 미아동
1  16500.0            성우빌리지  도봉로29길 83-34  서울특별시 강북구 미아동
2  18000.0            은혜빌리지     삼양로69길 27  서울특별시 강북구 미아동
3   5000.0           삼각산하이빌    솔매로7나길 1-6  서울특별시 강북구 미아동
4  14000.0           고탑102동     도봉로28길 18  서울특별시 강북구 미아동",18180
1130510300,11,36.08,2,2016,"   deposit        building        road           dong
0  19000.0             쉐누빌   노해로 115-6  서울특별시 강북구 수유동
1  16000.0           새울샌스빌  삼양로131길 15  서울특별시 강북구 수유동
2  16000.0  천우네오젠(472-312)   삼양로81길 74  서울특별시 강북구 수유동
3  13500.0          정은스위트빌    노해로9길 63  서울특별시 강북구 수유동
4  20500.0         금강블랙에뜨레  노해로27길 106  서울특별시 강북구 수유동",18121
1130510300,9,29.87,4,2012,"   deposit       building          road           dong
0  10500.0            미성빌  인수봉로68길 15-8  서울특별시 강북구 수유동
1  12000.0  풀내음파크빌(558-4)    인수봉로 299-2  서울특별시 강북구 수유동
2   8000.0        라온드림하우스  삼양로92길 29-16  서울특별시 강북구 수유동
3  16500.0     Happy Wave   인수봉로38가길 15  서울특별시 강북구 수유동
4  16500.0     Happy Wave   인수봉로38가길 15  서울특별시 강북구 수유동",11770
1130510300,14,47.84,2,2016,"   deposit building           road           dong
0  22000.0  센트빌102동  도봉로101길 39-15  서울특별시 강북구 수유동
1  27500.0     아코레빌     삼양로111길 43  서울특별시 강북구 수유동
2  27500.0     아코레빌     삼양로111길 43  서울특별시 강북구 수유동
3  24700.0     아코레빌     삼양로111길 43  서울특별시 강북구 수유동
4  21000.0   수유 라온가   삼양로117길 34-8  서울특별시 강북구 수유동",21658
1130510300,16,52.49,4,2002,"   deposit     building           road           dong
0  14000.0     월드홈타운(B)  인수봉로55길 22-15  서울특별시 강북구 수유동
1  13000.0  가람하이츠빌라(나동)     삼양로 346-11  서울특별시 강북구 수유동
2  14000.0     월드홈타운(B)  인수봉로55길 22-15  서울특별시 강북구 수유동
3  12000.0       석산수유맨션     노해로33가길 35  서울특별시 강북구 수유동
4  18500.0    현대그랑빌(A동)    노해로14길 21-9  서울특별시 강북구 수유동",13835
1130510100,23,75.26,2,1998,"   deposit     building          road           dong
0  15000.0  하나빌라(8-363)     월계로21길 29  서울특별시 강북구 미아동
1  18000.0  영흥맨션(321-8)     도봉로33길 45  서울특별시 강북구 미아동
2  20000.0        해성빌라트     삼양로41길 43  서울특별시 강북구 미아동
3  20000.0       백운빌라2차  솔샘로64다길 36-4  서울특별시 강북구 미아동
4  16000.0        영진빌라트    솔샘로60가길 36  서울특별시 강북구 미아동",15275
1130510300,18,59.48,5,2009,"   deposit      building         road           dong
0  17000.0      세영빌라(B동)  4.19로 11-11  서울특별시 강북구 수유동
1  25000.0      호호(A.B동)    삼양로92길 12  서울특별시 강북구 수유동
2  18000.0  화인하우스(39-38)   삼각산로34길 15  서울특별시 강북구 수유동
3  15000.0         한양하이츠   삼양로73가길 34  서울특별시 강북구 수유동
4  15000.0     삼호그랑빌(가동)      삼각산로 92  서울특별시 강북구 수유동",16453
1130510100,7,22.27,1,2013,"   deposit       building         road           dong
0  15000.0          금강에뜨레  삼양로63길 13-4  서울특별시 강북구 미아동
1  15000.0  블루빌(791-1227)  삼양로63가길 7-9  서울특별시 강북구 미아동
2  15000.0  블루빌(791-1227)  삼양로63가길 7-9  서울특별시 강북구 미아동
3  16000.0  블루빌(791-1227)  삼양로63가길 7-9  서울특별시 강북구 미아동
4  26000.0          한스애비뉴  도봉로39길 51-6  서울특별시 강북구 미아동",10163
1130510300,9,29.96,6,2016,"   deposit building          road           dong
0  22000.0    젤존타운2    한천로160길 47  서울특별시 강북구 수유동
1  20000.0    아띠하우스    한천로140길 58  서울특별시 강북구 수유동
2  18300.0  마루스위트30     삼양로 510-5  서울특별시 강북구 수유동
3  22000.0     파크리움  노해로33길 70-10  서울특별시 강북구 수유동
4  22000.0     파크리움  노해로33길 70-10  서울특별시 강북구 수유동",20873
1130510100,18,60.21,2,2010,"   deposit        building         road           dong
0  12000.0            그린빌라    솔매로17길 33  서울특별시 강북구 미아동
1  18000.0  그랜드하우스(329-18)    도봉로23길 37  서울특별시 강북구 미아동
2  16000.0            하늘마당    삼양로69길 49  서울특별시 강북구 미아동
3  18000.0           은혜빌리지    삼양로69길 27  서울특별시 강북구 미아동
4  19000.0       (734-145)  삼양로38길 21-4  서울특별시 강북구 미아동",16563
1130510100,17,57.43,3,2019,"   deposit        building          road           dong
0  24000.0  삼성레드빌B동(719-8)  삼양로38라길 26-6  서울특별시 강북구 미아동
1  34000.0         성훈팰리스B동     도봉로31길 21  서울특별시 강북구 미아동
2  34000.0         성훈팰리스A동     도봉로31길 23  서울특별시 강북구 미아동
3  20000.0   삼성레드빌(323-36)   솔샘로65길 72-3  서울특별시 강북구 미아동
4  17000.0           미아센스빌       솔매로7길 4  서울특별시 강북구 미아동",25308
1130510300,10,33.58,4,2001,"   deposit      building        road           dong
0  11000.0          명진빌라   노해로29길 30  서울특별시 강북구 수유동
1   6000.0          도원빌라  인수봉로64길 67  서울특별시 강북구 수유동
2   8000.0  금호빌라(296-30)  인수봉로76길 16  서울특별시 강북구 수유동
3   7500.0  레전드빌(223-16)    노해로8길 13  서울특별시 강북구 수유동
4   7500.0  레전드빌(223-16)    노해로8길 13  서울특별시 강북구 수유동",8667
1130510300,14,46.94,4,2014,"   deposit      building          road           dong
0  19000.0  그랜드캐슬(567-1)      4.19로 39  서울특별시 강북구 수유동
1  18500.0     중앙하이츠(B동)  인수봉로84길 40-5  서울특별시 강북구 수유동
2  17000.0         선덕그랑빌    인수봉로55길 31  서울특별시 강북구 수유동
3  14000.0         성원하이츠    인수봉로55가길 7  서울특별시 강북구 수유동
4  23000.0         젤존타운2    한천로160길 47  서울특별시 강북구 수유동",18455
1130510300,17,54.59,4,2000,"   deposit         building           road           dong
0  13000.0      가람하이츠빌라(나동)     삼양로 346-11  서울특별시 강북구 수유동
1  12000.0           석산수유맨션     노해로33가길 35  서울특별시 강북구 수유동
2  14000.0         월드홈타운(B)  인수봉로55길 22-15  서울특별시 강북구 수유동
3  17500.0             영일빌라  삼양로123길 46-15  서울특별시 강북구 수유동
4  19000.0  동일하이츠빌라(166-74)     한천로150길 72  서울특별시 강북구 수유동",13676
1130510300,16,53.28,3,1989,"   deposit      building           road           dong
0  12000.0       수유하이츠빌라  삼양로111길 18-10  서울특별시 강북구 수유동
1  14000.0  정원맨션(252-96)      노해로27길 20  서울특별시 강북구 수유동
2  12000.0          오성빌라      삼양로81길 60  서울특별시 강북구 수유동
3   9500.0          청화빌라  4.19로23길 24-9  서울특별시 강북구 수유동
4   9000.0          코아빌라      삼양로73다길 2  서울특별시 강북구 수유동",12413
1130510100,30,100.27,3,2002,"   deposit       building        road           dong
0   5000.0         삼각산하이빌  솔매로7나길 1-6  서울특별시 강북구 미아동
1  20000.0          해성빌라트   삼양로41길 43  서울특별시 강북구 미아동
2  25000.0  현대빌라(258-554)    오패산로 257  서울특별시 강북구 미아동
3  16000.0          영진빌라트  솔샘로60가길 36  서울특별시 강북구 미아동
4  16500.0          홍익그린빌   인수봉로12길 1  서울특별시 강북구 미아동",14170
1130510100,8,27.53,5,2015,"   deposit       building         road           dong
0  17500.0  블루빌(791-1227)  삼양로63가길 7-9  서울특별시 강북구 미아동
1  18000.0          문이빌라트   삼양로68가길 11  서울특별시 강북구 미아동
2  17000.0         경모하늘풍경    솔매로22길 51  서울특별시 강북구 미아동
3  17000.0         경모하늘풍경    솔매로22길 51  서울특별시 강북구 미아동
4  23000.0        경일리치빌3차    솔샘로65길 57  서울특별시 강북구 미아동",16768
1130510300,19,64.17,2,1996,"   deposit building            road           dong
0  14000.0   성우그린맨션    삼양로131길 5-20  서울특별시 강북구 수유동
1  15300.0    궁전빌리지  인수봉로72가길 15-21  서울특별시 강북구 수유동
2  15000.0   성보빌라6차    삼양로88가길 12-3  서울특별시 강북구 수유동
3  15000.0    한마음빌라         삼각산로 47  서울특별시 강북구 수유동
4  18000.0     삼우맨숀      삼각산로28길 26  서울특별시 강북구 수유동",14874
1130510300,9,29.96,6,2017,"   deposit building          road           dong
0  22000.0    젤존타운2    한천로160길 47  서울특별시 강북구 수유동
1  20000.0    아띠하우스    한천로140길 58  서울특별시 강북구 수유동
2  18300.0  마루스위트30     삼양로 510-5  서울특별시 강북구 수유동
3  22000.0     파크리움  노해로33길 70-10  서울특별시 강북구 수유동
4  22000.0     파크리움  노해로33길 70-10  서울특별시 강북구 수유동",21452
1130510300,11,36.22,8,2017,"   deposit building        road           dong
0  20000.0    연승카운티   수유로12길 41  서울특별시 강북구 수유동
1  20000.0    연승카운티   수유로12길 41  서울특별시 강북구 수유동
2  17000.0    진영토담빌  한천로140길 84  서울특별시 강북구 수유동
3  17000.0    진영토담빌  한천로140길 84  서울특별시 강북구 수유동
4  17000.0    진영토담빌  한천로140길 84  서울특별시 강북구 수유동",20082
1130510300,9,30.96,1,1994,"   deposit       building        road           dong
0   7000.0        선우빌라(A)  인수봉로60길 19  서울특별시 강북구 수유동
1   7000.0  혁구하이츠빌라(1-2동)  한천로161길 47  서울특별시 강북구 수유동
2   9500.0      혁구하이츠빌라5동  삼양로126길 28  서울특별시 강북구 수유동
3   6300.0        한영하이츠빌라  인수봉로73길 19  서울특별시 강북구 수유동
4  11000.0   은행빌라(519-55)  인수봉로61길 17  서울특별시 강북구 수유동",7229
1130510300,11,34.81,4,2012,"   deposit       building          road           dong
0  17000.0           젤존타운     노해로35가길 3  서울특별시 강북구 수유동
1  16000.0            아인빌    인수봉로76길 23  서울특별시 강북구 수유동
2  18500.0            엘루체   노해로7가길 30-5  서울특별시 강북구 수유동
3  10500.0            미성빌  인수봉로68길 15-8  서울특별시 강북구 수유동
4  12000.0  풀내음파크빌(558-4)    인수봉로 299-2  서울특별시 강북구 수유동",12959
1130510100,19,62,3,1996,"   deposit      building           road           dong
0  18000.0        대도맨션A동     솔샘로60가길 34  서울특별시 강북구 미아동
1  13000.0      양정빌라(6동)        인수봉로 40  서울특별시 강북구 미아동
2   8500.0          대영맨션  인수봉로20가길 13-5  서울특별시 강북구 미아동
3  13000.0  현대빌라(436-72)  삼양로20나길 40-26  서울특별시 강북구 미아동
4   8000.0       대성하이츠빌라  인수봉로12길 15-15  서울특별시 강북구 미아동",14740
1130510100,4,12.53,5,2011,"   deposit building        road           dong
0   7000.0    로뎀빌리지   도봉로31길 11  서울특별시 강북구 미아동
1  18000.0    문이빌라트  삼양로68가길 11  서울특별시 강북구 미아동
2  12000.0   노블리안시티   솔샘로65길 88  서울특별시 강북구 미아동
3   7000.0   w-vill  오패산로78길 12   서울특별시 강북구 번동
4   8500.0      송유빌   오패산로78길 8   서울특별시 강북구 번동",6900
1130510300,21,70.36,4,2008,"   deposit      building           road           dong
0  23000.0      대원아트빌12차   한천로160길 19-6  서울특별시 강북구 수유동
1  14000.0         대주파크빌     인수봉로28길 22  서울특별시 강북구 수유동
2  17000.0     한신빌라트(가동)      도봉로81길 46  서울특별시 강북구 수유동
3  17000.0  은행빌라(562-15)     4.19로11길 9  서울특별시 강북구 수유동
4  16000.0         우림스타빌  한천로162길 25-12  서울특별시 강북구 수유동",19125
1130510300,17,57.64,3,2006,"   deposit         building          road           dong
0  19000.0     현대그랑빌(32-39)     노해로15길 42  서울특별시 강북구 수유동
1  13000.0            대승렉스빌  삼양로123길 10-8  서울특별시 강북구 수유동
2  18000.0           인성하이츠빌    인수봉로56길 31  서울특별시 강북구 수유동
3  22500.0  동일하이츠빌라(166-74)    한천로150길 72  서울특별시 강북구 수유동
4  14500.0         황실파크빌(B)    삼양로139길 32  서울특별시 강북구 수유동",17870
1130510100,16,54.03,1,2016,"   deposit   building           road           dong
0  20000.0      금강에뜨레    삼양로63길 13-4  서울특별시 강북구 미아동
1  21000.0      중앙홈타운    인수봉로20나길 56  서울특별시 강북구 미아동
2  19000.0  (734-145)    삼양로38길 21-4  서울특별시 강북구 미아동
3  32500.0    성훈팰리스B동      도봉로31길 21  서울특별시 강북구 미아동
4  26000.0      히람팰리스  오패산로30길 18-13  서울특별시 강북구 미아동",17958
1130510300,18,59.98,2,2014,"   deposit       building         road           dong
0  17500.0  대승빌리지(511-13)   인수봉로55가길 5  서울특별시 강북구 수유동
1  18500.0          하이디파크    노해로25길 28  서울특별시 강북구 수유동
2  20000.0          명성로즈빌  노해로33길 40-9  서울특별시 강북구 수유동
3  22500.0       예움하우스(B)  삼양로97길 13-2  서울특별시 강북구 수유동
4  27500.0         뜨라래하우스   삼양로118길 34  서울특별시 강북구 수유동",18042
1130510300,17,56.44,4,2018,"   deposit      building           road           dong
0  26000.0        발해솔렌스힐  한천로150길 60-22  서울특별시 강북구 수유동
1  23000.0       금강블랙에뜨레     노해로27길 106  서울특별시 강북구 수유동
2   3573.0  정빈하이빌(706-2)    노해로33길 88-9  서울특별시 강북구 수유동
3  28700.0         유화빌A동     한천로160길 34  서울특별시 강북구 수유동
4  18500.0     중앙하이츠(B동)   인수봉로84길 40-5  서울특별시 강북구 수유동",25246
1130510400,13,42.7,3,2017,"   deposit building          road           dong
0  26000.0    더존팰리스   삼양로173나길 16  서울특별시 강북구 우이동
1  24500.0    노블하우스   삼양로159가길 27  서울특별시 강북구 우이동
2  23500.0    노블하우스   삼양로159가길 27  서울특별시 강북구 우이동
3  20000.0     덕산맨션  삼양로163길 21-5  서울특별시 강북구 우이동
4  18500.0    GY펠리체    삼양로155길 12  서울특별시 강북구 우이동",20267
1130510100,13,44.41,5,2019,"   deposit      building         road           dong
0  28500.0       남광하이빌A동    도봉로41길 21  서울특별시 강북구 미아동
1  26600.0          초이스빌    삼양로57가길 6  서울특별시 강북구 미아동
2  29500.0        유경쉐르빌3  인수봉로20나길 38  서울특별시 강북구 미아동
3  20000.0         금강에뜨레  삼양로63길 13-4  서울특별시 강북구 미아동
4  20000.0  삼성레드빌(707-7)    솔샘로 289-3  서울특별시 강북구 미아동",23882
1130510100,13,44.28,1,1987,"   deposit   building           road           dong
0  11000.0     대성그린빌라       오패산로 260  서울특별시 강북구 미아동
1  10500.0   (436-33)  삼양로20나길 40-11  서울특별시 강북구 미아동
2  10000.0       미도빌라     도봉로23가길 16  서울특별시 강북구 미아동
3   9000.0  (636-108)       숭인로7길 45  서울특별시 강북구 미아동
4  10000.0        연빌라  솔샘로64나길 32-11  서울특별시 강북구 미아동",10755
1130510300,11,36.15,1,1994,"   deposit      building          road           dong
0  11000.0  은행빌라(519-55)    인수봉로61길 17  서울특별시 강북구 수유동
1   8000.0   삼보빌라(722-4)     노해로33가길 5  서울특별시 강북구 수유동
2   9500.0     혁구하이츠빌라5동    삼양로126길 28  서울특별시 강북구 수유동
3  10000.0      신한국하이츠빌라    인수봉로60길 37  서울특별시 강북구 수유동
4  10000.0      길안그린빌라3동  삼양로130길 9-13  서울특별시 강북구 수유동",8054
1130510300,21,69.8,2,1997,"   deposit building          road           dong
0  14000.0   성우그린맨션  삼양로131길 5-20  서울특별시 강북구 수유동
1  22200.0   은행빌라A동   수유로21길 3-10  서울특별시 강북구 수유동
2  19200.0   은행빌라A동   수유로21길 3-10  서울특별시 강북구 수유동
3  15000.0    한마음빌라       삼각산로 47  서울특별시 강북구 수유동
4  15000.0     윤진빌라  한천로166길 5-19  서울특별시 강북구 수유동",14457
1130510300,14,47.77,3,2016,"   deposit building          road           dong
0  15000.0  (280-1)    인수봉로84길 35  서울특별시 강북구 수유동
1  20000.0     하늘채빌  노해로29길 22-17  서울특별시 강북구 수유동
2  18000.0  수유혜성루첸리  인수봉로61길 6-15  서울특별시 강북구 수유동
3  22000.0    젤존타운2    한천로160길 47  서울특별시 강북구 수유동
4  18500.0    자이홈타운    삼양로136길 18  서울특별시 강북구 수유동",17350
1130510300,4,14.71,7,2013,"   deposit building        road           dong
0   8500.0     프리마베    노해로3길 37  서울특별시 강북구 수유동
1  11000.0     온누리빌    노해로3길 35  서울특별시 강북구 수유동
2  17000.0    진영토담빌  한천로140길 84  서울특별시 강북구 수유동
3  17000.0    진영토담빌  한천로140길 84  서울특별시 강북구 수유동
4  20000.0    아띠하우스  한천로140길 58  서울특별시 강북구 수유동",7975
1130510300,14,46.15,2,2015,"   deposit      building           road           dong
0  27500.0          아코레빌     삼양로111길 43  서울특별시 강북구 수유동
1  27500.0          아코레빌     삼양로111길 43  서울특별시 강북구 수유동
2  19000.0  그랜드캐슬(567-1)       4.19로 39  서울특별시 강북구 수유동
3  22000.0       센트빌102동  도봉로101길 39-15  서울특별시 강북구 수유동
4  14000.0        대광맨션A동     인수봉로44길 18  서울특별시 강북구 수유동",26530
1130510300,14,47.76,2,2014,"   deposit      building        road           dong
0  19000.0  그랜드캐슬(567-1)    4.19로 39  서울특별시 강북구 수유동
1  27500.0          아코레빌  삼양로111길 43  서울특별시 강북구 수유동
2  27500.0          아코레빌  삼양로111길 43  서울특별시 강북구 수유동
3  14000.0        대광맨션A동  인수봉로44길 18  서울특별시 강북구 수유동
4  24700.0          아코레빌  삼양로111길 43  서울특별시 강북구 수유동",17989
1130510100,17,54.67,3,2004,"   deposit     building          road           dong
0  12500.0  성신쉐르빌9차(A동)  인수봉로12길 11-7  서울특별시 강북구 미아동
1  11000.0         남북빌라    인수봉로12길 11  서울특별시 강북구 미아동
2  20000.0      청운빌라13차   솔샘로60길 13-5  서울특별시 강북구 미아동
3  11000.0        동명아트빌      솔매로7다길 6  서울특별시 강북구 미아동
4  15000.0         천수빌라     삼양로 273-9  서울특별시 강북구 미아동",13650
1130510300,13,44.35,2,2016,"   deposit building           road           dong
0  22200.0    명화하이빌   삼양로131길 11-6  서울특별시 강북구 수유동
1  27500.0     아코레빌     삼양로111길 43  서울특별시 강북구 수유동
2  27500.0     아코레빌     삼양로111길 43  서울특별시 강북구 수유동
3  22000.0  센트빌102동  도봉로101길 39-15  서울특별시 강북구 수유동
4  20500.0  금강블랙에뜨레     노해로27길 106  서울특별시 강북구 수유동",20985
1130510300,13,43.86,3,2008,"   deposit     building         road           dong
0  11000.0       은주네하우스   덕릉로8길 30-5  서울특별시 강북구 수유동
1  10000.0          에덴빌    노해로25길 27  서울특별시 강북구 수유동
2  13000.0        노블하우스  인수봉로52가길 20  서울특별시 강북구 수유동
3  16000.0  대광맨션(1-126)  노해로7가길 24-4  서울특별시 강북구 수유동
4  14500.0          행루즈    도봉로97길 22  서울특별시 강북구 수유동",11230
1130510100,15,49.65,4,2001,"   deposit      building          road           dong
0  14500.0         신화리치빌   솔샘로59길 15-6  서울특별시 강북구 미아동
1  15000.0        서보빌라3차    인수봉로17길 14  서울특별시 강북구 미아동
2  10000.0         혜성빌라트     도봉로29길 96  서울특별시 강북구 미아동
3   9000.0          중앙맨션  삼양로38라길 11-5  서울특별시 강북구 미아동
4  16000.0  동아하이빌(158-3)      덕릉로32길 6  서울특별시 강북구 미아동",13875
1130510300,4,12.24,7,2013,"   deposit building        road           dong
0   8500.0     프리마베    노해로3길 37  서울특별시 강북구 수유동
1  11000.0     온누리빌    노해로3길 35  서울특별시 강북구 수유동
2  17000.0    진영토담빌  한천로140길 84  서울특별시 강북구 수유동
3  17000.0    진영토담빌  한천로140길 84  서울특별시 강북구 수유동
4   7500.0    파로스타워  오패산로77길 12   서울특별시 강북구 번동",8024
1130510300,17,57.69,6,2018,"   deposit          building          road           dong
0  27500.0              파크리움  노해로33길 70-10  서울특별시 강북구 수유동
1  17000.0  정원드림타운(101-102동)       삼양로 390  서울특별시 강북구 수유동
2  28000.0             빌드아르떼    삼양로80가길 56  서울특별시 강북구 수유동
3  22000.0                다옴    삼양로80가길 11  서울특별시 강북구 수유동
4  18000.0      화인하우스(39-38)    삼각산로34길 15  서울특별시 강북구 수유동",26349
1130510300,16,54.54,3,1989,"   deposit      building           road           dong
0  12000.0       수유하이츠빌라  삼양로111길 18-10  서울특별시 강북구 수유동
1  14000.0  정원맨션(252-96)      노해로27길 20  서울특별시 강북구 수유동
2  12000.0          오성빌라      삼양로81길 60  서울특별시 강북구 수유동
3   9500.0          청화빌라  4.19로23길 24-9  서울특별시 강북구 수유동
4  12500.0          금강맨션     인수봉로28길 39  서울특별시 강북구 수유동",12537.16667
1130510300,19,63.3,2,2000,"   deposit         building          road           dong
0  18000.0             삼우맨숀    삼각산로28길 26  서울특별시 강북구 수유동
1  14000.0           성우그린맨션  삼양로131길 5-20  서울특별시 강북구 수유동
2  14000.0             대양주택  삼양로87길 33-12  서울특별시 강북구 수유동
3  15000.0  성지그레이스빌(288-10)  삼양로123길 14-7  서울특별시 강북구 수유동
4  17000.0          남경빌리지가동    삼양로139나길 4  서울특별시 강북구 수유동",16399
1130510400,45,149.98,1,1983,"   deposit  building           road           dong
0  30000.0   우이하이츠빌라  삼양로169길 34-24  서울특별시 강북구 우이동
1  30000.0   우이하이츠빌라  삼양로169길 34-24  서울특별시 강북구 우이동
2  12000.0  (163-13)  삼양로169길 24-18  서울특별시 강북구 우이동
3  15000.0  (189-25)    한천로139가길 54  서울특별시 강북구 수유동
4  25000.0    스위트그린빌    4.19로21길 28  서울특별시 강북구 수유동",15505
1130510100,13,44.41,2,2019,"   deposit building         road           dong
0  28500.0  남광하이빌B동    도봉로41길 23  서울특별시 강북구 미아동
1  20000.0  진성힐스테이트  솔샘로47나길 6-8  서울특별시 강북구 미아동
2  18000.0    금강에뜨레  삼양로63길 13-4  서울특별시 강북구 미아동
3  18000.0    금강에뜨레  삼양로63길 13-4  서울특별시 강북구 미아동
4  32500.0  성훈팰리스B동    도봉로31길 21  서울특별시 강북구 미아동",25514
1130510100,20,65.61,5,1997,"   deposit building           road           dong
0  18000.0     소망맨션    솔샘로53길 4-16  서울특별시 강북구 미아동
1  20000.0    토토하우스      인수봉로8길 10  서울특별시 강북구 미아동
2  10500.0     대영맨션  인수봉로20가길 13-5  서울특별시 강북구 미아동
3  16000.0     대선빌딩      삼양로19길 59  서울특별시 강북구 미아동
4  15000.0  에덴타운(나)      도봉로35길 25  서울특별시 강북구 미아동",15915
1130510300,14,47.84,2,2016,"   deposit building           road           dong
0  22000.0  센트빌102동  도봉로101길 39-15  서울특별시 강북구 수유동
1  27500.0     아코레빌     삼양로111길 43  서울특별시 강북구 수유동
2  27500.0     아코레빌     삼양로111길 43  서울특별시 강북구 수유동
3  24700.0     아코레빌     삼양로111길 43  서울특별시 강북구 수유동
4  21000.0   수유 라온가   삼양로117길 34-8  서울특별시 강북구 수유동",21658
1130510300,6,21.42,4,2017,"   deposit      building           road           dong
0  20000.0         선한쉐르빌     인수봉로34길 25  서울특별시 강북구 수유동
1  20000.0         선한쉐르빌     인수봉로34길 25  서울특별시 강북구 수유동
2  18300.0         기산에코빌  인수봉로55길 15-24  서울특별시 강북구 수유동
3  17500.0        참하우스토리     인수봉로61길 18  서울특별시 강북구 수유동
4  21200.0  예움하우스(24-13)     노해로9길 42-5  서울특별시 강북구 수유동",13579
1130510300,10,33.45,5,2017,"   deposit   building           road           dong
0  17700.0      노블레스2   노해로32길 13-12  서울특별시 강북구 수유동
1  21200.0      양지쉐르빌     인수봉로55길 41  서울특별시 강북구 수유동
2  17500.0      힐링하우스  인수봉로55길 27-12  서울특별시 강북구 수유동
3  20800.0      청담하이빌   인수봉로82길 13-5  서울특별시 강북구 수유동
4  17000.0  (252-223)      노해로26길 17  서울특별시 강북구 수유동",18818
1130510100,12,38.89,1,2016,"   deposit building         road           dong
0  18000.0    금강에뜨레  삼양로63길 13-4  서울특별시 강북구 미아동
1  18000.0    금강에뜨레  삼양로63길 13-4  서울특별시 강북구 미아동
2  20000.0  진성힐스테이트  솔샘로47나길 6-8  서울특별시 강북구 미아동
3  28500.0  남광하이빌B동    도봉로41길 23  서울특별시 강북구 미아동
4  17000.0    해피하우스    도봉로29길 67  서울특별시 강북구 미아동",15782.5
1130510200,12,40.59,3,2001,"   deposit       building        road          dong
0  11000.0        노하하이츠빌라  오현로25가길 33  서울특별시 강북구 번동
1   5500.0           창헌주택  오현로25나길 29  서울특별시 강북구 번동
2   4000.0           사방빌라    오현로25길 6  서울특별시 강북구 번동
3   5800.0  창헌주택(148-261)  오현로25마길 51  서울특별시 강북구 번동
4  11000.0        디에이치씨앤빌  한천로132길 79  서울특별시 강북구 번동",10786.66667
1130510300,19,63.5,4,2009,"   deposit        building           road           dong
0  16000.0           우림스타빌  한천로162길 25-12  서울특별시 강북구 수유동
1  10000.0        삼호파크빌11차     인수봉로61길 26  서울특별시 강북구 수유동
2  16000.0  화인하우스(130-143)     노해로9길 60-4  서울특별시 강북구 수유동
3  17000.0     상록수(469-38)       덕릉로8길 17  서울특별시 강북구 수유동
4  17000.0       한신빌라트(가동)      도봉로81길 46  서울특별시 강북구 수유동",17210
1130510300,14,46.7,5,2016,"   deposit      building           road           dong
0  20000.0         자이홈타운     삼양로136길 18  서울특별시 강북구 수유동
1  21000.0         DH팰리스  삼양로123길 40-31  서울특별시 강북구 수유동
2  21500.0  힐링하우스(1-191)     노해로7길 39-6  서울특별시 강북구 수유동
3  19500.0       센트빌101동  도봉로101길 33-16  서울특별시 강북구 수유동
4  22800.0         명화하이빌   삼양로131길 11-6  서울특별시 강북구 수유동",20370
1130510100,9,29.25,3,2015,"   deposit        building         road           dong
0  16500.0   블루빌(791-1227)  삼양로63가길 7-9  서울특별시 강북구 미아동
1  14000.0   블루빌(791-1227)  삼양로63가길 7-9  서울특별시 강북구 미아동
2  23000.0         경일리치빌3차    솔샘로65길 57  서울특별시 강북구 미아동
3  15000.0  삼성레드빌A동(719-6)   삼양로38라길 26  서울특별시 강북구 미아동
4   8000.0          h home    삼양로69길 37  서울특별시 강북구 미아동",15738
1130510300,4,12,3,2010,"   deposit building          road           dong
0   7500.0  라온드림하우스  삼양로92길 29-16  서울특별시 강북구 수유동
1   9000.0     공간라움       삼양로 498  서울특별시 강북구 수유동
2   7000.0   삼각산드림빌      인수봉로 239  서울특별시 강북구 수유동
3   8000.0  라온드림하우스  삼양로92길 29-16  서울특별시 강북구 수유동
4   5000.0    수정드림빌  삼각산로22길 18-3  서울특별시 강북구 수유동",6360
1130510300,14,47.2,3,2016,"   deposit building          road           dong
0  20000.0     하늘채빌  노해로29길 22-17  서울특별시 강북구 수유동
1  18000.0  수유혜성루첸리  인수봉로61길 6-15  서울특별시 강북구 수유동
2  15000.0  (280-1)    인수봉로84길 35  서울특별시 강북구 수유동
3  22000.0    젤존타운2    한천로160길 47  서울특별시 강북구 수유동
4  18500.0    자이홈타운    삼양로136길 18  서울특별시 강북구 수유동",19340
1130510300,17,56.78,5,2016,"   deposit      building        road           dong
0  28000.0         빌드아르떼  삼양로80가길 56  서울특별시 강북구 수유동
1  18000.0  화인하우스(39-38)  삼각산로34길 15  서울특별시 강북구 수유동
2  25000.0      호호(A.B동)   삼양로92길 12  서울특별시 강북구 수유동
3  22000.0            다옴  삼양로80가길 11  서울특별시 강북구 수유동
4  21500.0  힐링하우스(1-191)  노해로7길 39-6  서울특별시 강북구 수유동",21455
1130510100,23,76.27,1,1981,"   deposit  building         road           dong
0  12000.0        일심     솔매로17길 6  서울특별시 강북구 미아동
1  12000.0        일심     솔매로17길 6  서울특별시 강북구 미아동
2   8500.0  (679-17)  삼양로24길 52-8  서울특별시 강북구 미아동
3  10000.0  (679-17)  삼양로24길 52-8  서울특별시 강북구 미아동
4   7000.0    대성그린빌라     오패산로 260  서울특별시 강북구 미아동",12396.66667
1130510300,9,29.42,3,2017,"   deposit      building         road           dong
0  21900.0  동아쉐르빌(480-3)  삼양로77길 36-8  서울특별시 강북구 수유동
1  18000.0        참하우스토리   인수봉로61길 18  서울특별시 강북구 수유동
2  10500.0        마루솔하이빌   인수봉로84길 37  서울특별시 강북구 수유동
3  21300.0    글로리아캐슬(A동)     덕릉로7길 15  서울특별시 강북구 수유동
4  16000.0           수정빌    노해로23길 32  서울특별시 강북구 수유동",12560
1130510100,9,29.31,1,1996,"   deposit        building           road           dong
0   9000.0            승진빌라  도봉로13나길 21-11  서울특별시 강북구 미아동
1   6700.0  태양빌라(791-1610)       솔매로 34-7  서울특별시 강북구 미아동
2   5800.0            성일빌라    인수봉로6길 68-8  서울특별시 강북구 미아동
3  10000.0            스타맨숀      도봉로18길 48  서울특별시 강북구 미아동
4   5500.0  삼성빌라(1264-211)      삼양로 132-3  서울특별시 강북구 미아동",7394
1130510200,15,51.12,2,2002,"   deposit       building           road          dong
0  13500.0           삼성빌라   오현로32길 30-20  서울특별시 강북구 번동
1  18000.0  한솔그랑빌(416-80)      덕릉로41길 87  서울특별시 강북구 번동
2  16000.0      삼안리치하우스A동    한천로130가길 11  서울특별시 강북구 번동
3  16000.0           그랜드빌    오현로21길 10-5  서울특별시 강북구 번동
4   9500.0        번창하이츠빌라  오현로31길 133-17  서울특별시 강북구 번동",14348
1130510300,23,77.04,3,1992,"   deposit  building           road           dong
0  13200.0      진성빌라   삼양로126길 11-6  서울특별시 강북구 수유동
1  15000.0     한일빌리지  삼양로111길 18-27  서울특별시 강북구 수유동
2  16000.0    석수그린빌라     노해로23길 6-4  서울특별시 강북구 수유동
3  15000.0  진한맨션(가동)      노해로23길 24  서울특별시 강북구 수유동
4  18000.0  한솔빌라(나동)     삼각산로24길 26  서울특별시 강북구 수유동",15728
1130510300,12,40.6,4,2018,"   deposit         building           road           dong
0  21000.0            대연쉐르빌  삼양로123길 32-20  서울특별시 강북구 수유동
1  25000.0             하늘미소   삼양로76길 17-12  서울특별시 강북구 수유동
2  20000.0          금강블랙에뜨레     노해로27길 106  서울특별시 강북구 수유동
3  24000.0            젤존410    인수봉로52가길 48  서울특별시 강북구 수유동
4  25000.0  하나아이파크빌(281-45)     4.19로1길 28  서울특별시 강북구 수유동",24157
1130510300,15,48.04,2,2012,"   deposit        building        road           dong
0  17800.0             행루즈   도봉로97길 22  서울특별시 강북구 수유동
1  17800.0             행루즈   도봉로97길 22  서울특별시 강북구 수유동
2  14000.0          대광맨션A동  인수봉로44길 18  서울특별시 강북구 수유동
3  16000.0  화인하우스(130-143)  노해로9길 60-4  서울특별시 강북구 수유동
4  19000.0    그랜드캐슬(567-1)    4.19로 39  서울특별시 강북구 수유동",17605.66667
1130510100,14,45.38,3,2012,"   deposit          building          road           dong
0  22000.0      정원드림빌(329-8)     도봉로21길 28  서울특별시 강북구 미아동
1  12000.0             모던하우스     솔매로22길 24  서울특별시 강북구 미아동
2  12500.0             모던하우스     솔매로22길 24  서울특별시 강북구 미아동
3   8000.0  삼각산빌리지(791-3286)  인수봉로6가길 15-2  서울특별시 강북구 미아동
4  20000.0             월드빌리지  오패산로38길 18-4  서울특별시 강북구 미아동",18516.66667
1130510300,14,45.75,3,2016,"   deposit building          road           dong
0  18500.0    자이홈타운    삼양로136길 18  서울특별시 강북구 수유동
1  22000.0    젤존타운2    한천로160길 47  서울특별시 강북구 수유동
2  18000.0  수유혜성루첸리  인수봉로61길 6-15  서울특별시 강북구 수유동
3  20000.0     하늘채빌  노해로29길 22-17  서울특별시 강북구 수유동
4  15000.0  (280-1)    인수봉로84길 35  서울특별시 강북구 수유동",19551
1130510300,12,39.94,4,2016,"   deposit building           road           dong
0  20000.0  금강블랙에뜨레     노해로27길 106  서울특별시 강북구 수유동
1  21000.0    대연쉐르빌  삼양로123길 32-20  서울특별시 강북구 수유동
2  18000.0  남광하이빌5동      삼양로81길 71  서울특별시 강북구 수유동
3  18000.0     엘리제빌    노해로13길 33-6  서울특별시 강북구 수유동
4  16000.0      아인빌     인수봉로76길 23  서울특별시 강북구 수유동",15078
1130510300,9,29.79,3,2017,"   deposit      building         road           dong
0  21900.0  동아쉐르빌(480-3)  삼양로77길 36-8  서울특별시 강북구 수유동
1  18000.0        참하우스토리   인수봉로61길 18  서울특별시 강북구 수유동
2  16000.0           수정빌    노해로23길 32  서울특별시 강북구 수유동
3  16500.0         동화씨티빌    도봉로97길 34  서울특별시 강북구 수유동
4  21300.0    글로리아캐슬(A동)     덕릉로7길 15  서울특별시 강북구 수유동",13860
